Contenido,Título del vídeo,Fecha de publicacion del video ,Visualizaciones,Tiempo de visualización (horas),Suscriptores,Impresiones,Porcentaje de clics de las impresiones (%)
Gq0gGh4Uuww,Un Show con Diego y Roberto / EP21 Teorías Conspirativas,Jul 20 2024,133334,37225.7,1474,2419551,4.06
eAw4X3RfxlE,Un Show con Diego y Roberto / EP22 Juegos Olímpicos,"Jul 27, 2024",117547,34298.8,632,1400007,6.13
Vk-nfiyqcB0,Un Show con Diego y Roberto / EP24 Educación,"Aug 10, 2024",79601,25304.9,405,938063,6.05
xQA-o4FQVyo,Un Show con Diego y Roberto / EP23 Marketing es Arte,"Aug 3, 2024",53777,17371.4,232,578500,6.35
mmuOX5kbIn8,Un Show con Diego y Roberto / EP25 Música,"Aug 17, 2024",25847,7948.0,68,253358,7.56
IZquMem15DE,Un Show con Diego y Roberto / EP18 El Arte de Negociar,"Jun 29, 2024",25050,6602.1,273,433090,3.83
H6FSPl0Ql_w,Un Show con Diego y Roberto / EP 6 Terror,"Jan 13, 2024",21833,6136.7,203,336092,4.45
NyOW2zLErlw,Un Show con Diego y Roberto / EP7 Inteligencia Artificial,"Jan 20, 2024",18691,5688.4,112,208839,5.09
DCQrTMD6q4o,Un Show con Diego y Roberto / EP15 Amor y Desamor,"Jun 8, 2024",18509,5077.5,153,321561,4.04
nm5ptE_pTYs,Un Show con Diego y Roberto / EP20 Literatura,"Jul 13, 2024",11361,3350.2,60,175024,4.06
FZ5iXkk4ljE,Un Show con Diego y Roberto / EP19 Viajes por el Mundo,"Jul 6, 2024",11347,3470.8,34,157782,3.98
FtBVjvEdnXg,Un Show con Diego y Roberto / EP17 Filosofía,"Jun 22, 2024",10419,2972.7,73,160704,4.08
O4wHH4b9rwo,Un Show con Diego y Roberto / EP12 Comedia,"Feb 24, 2024",8049,2538.7,23,79592,5.26
tBRph-L_Z70,Un Show con Diego y Roberto / EP13 Nostalgia,"May 25, 2024",7904,2341.0,32,106664,5.08
QcAi1hDNZpo,Un Show con Diego y Roberto / EP11 Gamificación,"Feb 17, 2024",6705,1860.6,25,84703,4.62
aOMesF6Hvio,Un Show con Diego y Roberto / EP 5 Anime / Part. 1,"Jan 6, 2024",5888,1641.5,23,67583,5.32
5ENYWLbBXRE,Un Show con Diego y Roberto / EP 4 Gastronomía,"Dec 30, 2023",5746,1843.1,19,83895,4.18
M13XnVLGIBc,Un Show con Diego y Roberto / EP14 Futbol,"Jun 1, 2024",5357,1588.6,17,57542,5.56
n0HfjXwEj9I,Un Show con Diego y Roberto / EP16 Artes Marciales Mixtas,"Jun 15, 2024",4452,1270.0,16,54594,4.89
K14Bf1ARylg,Un Show con Diego y Roberto / EP10 Metaverso,"Feb 10, 2024",4277,1187.9,17,51878,4.87
tBZbqpRXf94,Un Show con Diego y Roberto / EP8 Juegos de Mesa,"Jan 27, 2024",3660,1110.1,11,43840,4.37
i4TeqLxxpqI,Un Show con Diego y Roberto / EP 2 Gaming,"Dec 16, 2023",3449,1024.6,10,43760,4.73
P_sd6RB4GPI,Un Show con Diego y Roberto / EP 3 NFT,"Dec 23, 2023",3332,1040.8,9,38649,4.73
6O7sv3ZrnHg,Un Show con Diego y Roberto / EP 1 Freestyle,"Dec 9, 2023",3168,731.7,23,41106,4.04
F6mnUKIhBtI,"""Comprar facturas es un delito"" #shortvideo #impuestos #facturas #delito #foryou","Aug 7, 2024",3018,18.6,5,6322,0.43
wfl6a8yzvXE,Un Show con Diego y Roberto / EP 5 Anime / Part. 2,"Jan 6, 2024",2299,346.4,2,15964,5.87
doa7nyce-H0,Un Show con Diego y Roberto / EP9 Esports,"Feb 3, 2024",2170,713.151,3,29270,4.36
ek8u0MD26EM,"""Ya no sentí las mejores vibras"" #parati #foryou #entrevista #farandula #chisme #shortvideo","Aug 13, 2024",1676,10.0,2,7673,0.23
RXKkWcCOmt0,"""En su momento le lloré"" -Karla Panini #podcast #karlapanini #viral #chisme #parati","Mar 1, 2024",1347,22.6,2,13002,5.48
W0wSZGUjrSU,"""Super mamá"" #foryou #podcast #entrenimiento #parati #hijos","Aug 19, 2024",1079,5.3,0,2723,0.4
ySUb1DzewyY,"""Lo resolví"" #podcast #foryou #parati #mujerespoderosas #maternidad","Aug 11, 2024",1006,6.8,1,8695,0.23
dHtmjIjCjn0,Diana Perla Chapa nos cuenta su experiencia con los Ovnis. #viral #ovnis,"Aug 16, 2023",772,10.4,5,9312,5.26
v-0VyjO5d6c,"D'Influencers EP22 ""Extraordinaria: ""Cazadora de OVNIS, Manager y Mamá de Tatiana""-Diana Perla Chapa","Aug 7, 2023",650,150.6,1,8037,5.34
vzWXg94OjqE,"""Es parte de la enfermedad"" #cancer #informacion #parati #foryou #podcast #shortvideo","Aug 10, 2024",533,3.4,0,9550,0.27
ejF32Ur18Ag,"""Vivíamos al lado de un río"" #shortvideo #podcast #parati #rio #entretenimiento #foryou","Aug 9, 2024",524,3.1,0,8682,0.06
gxGZPC0J880,"""Esta cañón"" #podcast #parati #foryou #entrevista #entretenimiento #juegos #fifa","Aug 12, 2024",472,2.7,1,8498,0.15
UehjsAQDivU,"""Me la pasaba divertidísimo"" #foryou #entrenimiento #podcast #parati #shortvideo","Aug 20, 2024",456,2.9,0,1611,1.06
Cqc4Z_jExoc,Amor no es Sinónimo de Felicidad - Nilda Chiaraviglio D'Influencers T2 EP4,"Apr 29, 2024",427,107.6,3,8527,3.88
U6yabXxybtA,“Dueño de Multimedios me Corrió y se Arrepintió” - Jesús Soltero - EP.4 Palomeando,"Nov 3, 2023",345,66.8,1,6486,3.81
lFFNgDOcDVU,Teaser - Un Show - EP 8 - Juegos de Mesa,"Jan 26, 2024",330,3.0,0,6487,2
4u6wBxIMEdg,Exclusiva: Campeones de Clavado Sincronizado de México.,"Aug 2, 2024",291,6.4,1,19230,1.22
Rulme66dVRM,DAME 5 - Odin Ciani Periodista deportivo desde los Juegos Olímpicos (París 2024),"Jul 29, 2024",243,8.8,2,27025,0.67
X84-0tws6z0,Despedida: Juegos Olímpicos de París 2024,"Aug 12, 2024",200,2.3,-1,13808,1.11
3NrSx1Z3Pkg,Teaser - Un Show - Ciclo de la nostalgia,"May 22, 2024",180,1.5,0,8371,0.93
AfdYdIgawT8,El Verdadero Poder de la Hipnosis - John Milton D'Influencers T2 EP3,"Apr 15, 2024",179,50.1,1,5827,1.96
b-o1mP_KF5w,"""Lucrando con el Odio"" - Karla Panini - EP.2 Palomeando","Oct 6, 2023",173,35.7,2,2954,3.69
y1LrjlMjLAo,Detrás del Retiro de Emily - EP.5 Palomeando,"Nov 17, 2023",170,34.5,0,3119,3.43
ATOKclsoWZU,Teaser - Un Show - EP 11 Gamificación,"Feb 16, 2024",169,1.5,0,5688,1.04
ecU83CBlMzE,Teaser - Un Show - EP 9 - Esports,"Feb 2, 2024",164,1.4,0,5755,1.42
56kkm13i-ZA,Teaser - Un Show - EP 10 - Metaverso,"Feb 9, 2024",162,1.2,0,5627,1.23
sdQa7ak_fAM,Bella tradición Suiza en los JJ.OO. #paris2024,"Aug 6, 2024",152,1.0,-1,14661,0.76
iODmltRIozc,Dale Mixx 2023 NL Relajo con Clauudea ''La Pana'' Cobertura Exclusiva,"Aug 30, 2023",147,10.6,0,1900,6.11
TWmjNLR_ql0,"""El monumento más visitado del mundo""","Jul 31, 2024",145,1.5,0,17451,0.61
f5ipaiZSCeY,Teaser - Un Show - EP 12 Comedia,"Feb 23, 2024",145,1.1,0,5990,0.82
Ac4EJLXSO8k,Marina: Secretos de una Animadora Infantil - EP.6 Palomeando,"Dec 1, 2023",141,26.6,0,2967,3.61
to7FG0xEScs,La Avenida más Importante de París.,"Aug 8, 2024",129,1.4,0,12099,0.72
xopOUGEnE_g,Sabor mexa en París,"Aug 6, 2024",121,1.2,0,12391,0.65
jWS_4-RcCtU,La Catedral más Famosa del Mundo: Notre-Dame,"Aug 12, 2024",107,1.1,-1,10229,0.77
a-onvwy2_6U,¡Revelación Exclusiva! Integrantes de LMT Cuentan la Verdad - EP.1 Palomeando,"Sep 22, 2023",106,42.449,0,2484,3.3
HyXjdESnZaM,"""Del ruido a El Gran Silencio"" - Tony Hernández ¿Y TÚ QUIÉN ERES? EP10","Jan 18, 2024",96,25.7,0,2359,2.8
Dp218bMJVr8,"""Decido ser buena persona"" #parati #foryou #viral #johnmilton #hipnosis #persona #entretenimiento","Jun 14, 2024",94,0.7,0,873,0.8
24bEqLcKfqk,"""Acechada por su Alumno: Años de Acoso” |EP22 VALERIA MACÍAS |DE LO MÁS NORMAL","Apr 22, 2024",93,20.2,1,5746,1.13
IM0Lv6IyQ5Y,"""Me comí el monito"" #foryou #entrevista #risas #parati #podcast #entretenimiento","Aug 8, 2024",91,0.7,0,6762,0.58
lc8R2tjZblk,“Comprende los Impuestos y Maximízalos” |EP18 DIEGO DÍAZ |DE LO MÁS NORMAL,"Feb 23, 2024",91,22.054,2,4158,1.3
LppU0eachqk,"""El resto es historia"" #podcast #viral #nsqk #parati #entrevista #popular #pop #shorts","Mar 2, 2024",84,2.1,0,1315,5.4
lzx5kVyuNpg,¨El Actor que Conquistó Monterrey y Enfrenta la Homofobia¨ - Jerry Garza┃D'influencers - T2 EP7,"Jul 9, 2024",80,11.4,0,11765,0.36
CvOoiWQa6p4,NL Relajo Cap. 13 - Mercado de Abastos Estrella,"Jan 28, 2023",76,5.4,0,1461,3.9
tXUh_CFzJxE,"""Claves para Dominar tus Finanzas y Vivir sin Preocupaciones"" |EP25 Cynthia Rdz. |DE LO MÁS NORMAL","May 31, 2024",76,9.3,0,12651,0.35
bDMuhPVcDiY,"""Lo mío fue la pandemia"" #viral #podcast #pandemia #johnmilton #hipnosis #parati #foryou #shorts","Apr 25, 2024",73,0.8,1,190,0
GMW-IfLzRWA,Así se vivió 7-Eleven Fest 2024 NL Relajo #14T2 con Clauudea,"Jul 11, 2024",71,4.6,0,13157,0.25
7kvHUmDsl48,El Genio detrás de Televisa Mty - “El Compirri” ¿Y TÚ QUIÉN ERES? EP12,"Feb 15, 2024",53,4.8,0,2260,1.11
kV9utEow7hI,"""María Julia y su trayectoria"" #parati #viral #foryou #noticias #shortvideo #entretenimiento","Jul 9, 2024",52,0.4,0,17421,0.21
yglE7mCIN_k,Grill Master HEB 2023 NL Relajo #9T2 con Clauudea,"Feb 5, 2024",50,1.6,1,2404,1.58
NXj_jn9fEDk,EP1 - LA ONDA Y SU RUIDO - SOLETH,"May 4, 2024",47,1.0,3,4117,0.32
P5b_8xjb-4U,El momento en que empecé a hacer música profesionalmente. #podcast #foryou #música #nsqk #shorts,"Dec 14, 2023",45,0.5,0,709,5.08
b5l3z7Yuduk,"""Llegaban fans a mi casa"" -Javier Blake #foryou #podcast #entrevista #shorts #viral #music","Jan 26, 2024",41,1.8,0,462,6.93
gJ4MEHHWyHg,Teaser - Un Show - Amor y Desamor,"Jun 7, 2024",40,0.4,0,5937,0.34
9WiV6qGl1tU,"""La Vida del Comediante: Depresión, Toxicidad y Risas"" - Ariel Manzano D'Influencers EP24","Sep 4, 2023",39,7.9,0,826,2.3
Pf5UzLyQGEU,"""La Verdad Detrás de los Realitys"" - Rocío Cardenas - EP.3 Palomeando","Oct 20, 2023",36,2.984,0,825,1.58
1RPaFaCWPP0,"""La Ciencia Curativa de la Risa: Risoterapia"" |EP26 DRA. MUÑE Y DRA. BABI DI BÜ |DE LO MÁS NORMAL","Jun 14, 2024",35,5.4,0,7515,0.23
tWocVIuhfCI,"""Vas a pisar callos"" #foryou #parati #viral #entretenimiento #shortvideo #noticias #comediante","Jul 7, 2024",35,0.3,0,16340,0.12
IziygOCzQTw,"""Me culparon por el fracaso de Gente Regia"" Arturo de la Garza PALOMEANDO EP.8","Dec 29, 2023",33,1.0,0,1278,0.31
37GA1r82dZo,"""El éxito de Betty la fea"" #viral #podcast #bettylafea #novela #short #exito #entrevista #platica","Mar 29, 2024",32,0.2,0,501,3.59
BkLuIoV9y7s,"""¿Pues qué pasó? #risas #entretenimiento #viral #parati #foryou #chisme #contenido #podcast","Jul 6, 2024",31,0.2,0,12544,0.09
wi1gupnA5Xg,Entrevista con Javier Blake NL Relajo #5T2 con Clauudea,"Nov 30, 2023",30,1.8,0,1287,1.55
THgfX-TgW4Q,"""Conquiste la Radio, la Televisión y la Actuación"" - Claudia Ábrego D'Influencers T2 EP6","Jun 10, 2024",29,2.0,0,6805,0.15
g1U-Et_vpY8,"""Karla nunca estuvo cerca de su familia"" #karlapanini #chisme #television #podcast","Oct 7, 2023",29,0.3,0,373,1.61
TvuUebzMCz0,“El Covid-19 me Condenó a Vivir con Disautonomia” |EP17 Alondra Leal |DE LO MÁS NORMAL,"Feb 9, 2024",28,5.3,0,2145,0.89
8z-UaDZMM-s,Viviendo Entre Montañas EP1 “Cañonismo Extremo: Un Peligro Que Apasiona” – Danny Cantu.,"Oct 24, 2022",27,0.4,1,164,14.63
Cagfmli3Se4,"""Dar nuestra mejor versión"" #parati #podcast #foryou #viral #psicologia #risas #shortvideo","Jul 5, 2024",27,0.1,0,12188,0.07
92BFA8P6LkM,"""No debí haberme casado con él"" #karlapanini #foryou #podcast #shorts #viral #parati #escandalo","Feb 19, 2024",26,0.4,0,256,5.86
9v2U6zWS2Ps,"D'Influencers EP23 ""¡Revelaciones Escandalosas! Myriam Montemayor Destapa su Vida Sin Filtros""","Aug 21, 2023",25,7.9,0,932,1.18
Fvep0FZTTdw,"""Del ruido a El Gran Silencio"" - Tony Hernández ¿Y TÚ QUIÉN ERES? EP10 PARTE 2","Jan 29, 2024",24,3.6,1,1996,0.85
ZS9znuSdpk8,Teaser - Un Show - Freestyle,"Dec 8, 2023",23,0.2,0,976,1.54
Nc6a4CvP6fo,"Tradiciones que Perduran: Cantina ""El Progreso"" NL Relajo #7T2 con Clauudea","Jan 8, 2024",22,1.4,0,1419,0.42
27HqFsLuvMk,Cinemas Raly #viral #parati #rally #cinema #foryou #entretenimiento #entrevista #peliculas,"May 29, 2024",21,0.1,0,518,0.58
zuG5w-nRw0w,"""¿En donde me asesoro?"" #parati #podcast #viral #mujerespoderosas #duda #enfermedades #autismo","Jul 3, 2024",19,0.1,0,4333,0.14
kRv8vv2mOqE,"""Desde los 3 años actúo""- Armando Araiza #viral #podcast #parati #entrevista #actuacion #actor","May 31, 2024",18,0.1,0,364,1.1
3aXbUr9nNO4,"""Hoyo negro"" #parati #viral #foryou #podcast #risoterapia #terapia #risa","Jul 4, 2024",16,0.107,0,11432,0.11
cbbTOYQ_WCk,“No Creer en ti es lo Peor” - Ernesto D'Alessio - EP.11 Palomeando,"Apr 12, 2024",16,0.1,0,3524,0.34
WF74DDfvc5g,7-Land el Mundo de los Videojuegos NL Relajo #14T2 con Clauudea,"Apr 25, 2024",15,0.251,0,3855,0.34
mIQAPYLz6t4,"""Muchos creen que saben pelear""- Goyito Pérez #foryou #podcast #ufc #shorts #viral #entrevista","Jan 20, 2024",15,0.1,0,329,2.43
LCZT3MbeSkk,"""Afrontando lo Inimaginable: Enfermedades Raras” |EP21 CAROLINA ROMO |DE LO MÁS NORMAL","Apr 5, 2024",13,1.8,0,3388,0.32
NIE142u1JoE,"¿Y TÚ QUIÉN ERES? EP1 ""Arte Escrito: Acción Poética, Pintura en la Cuidad"" - Armando Alanís","Jul 27, 2023",13,0.6,0,467,0.64
0Vx8_myJYYA,Final del Torneo “Central Gamer” con los Streamers más Grandes de México NL Relajo #10T2 con Claudea,"Feb 19, 2024",12,0.5,0,2366,0.38
F6ylHB3MGYY,Lo difícil de las relaciones a larga distancia #foryou #podcast #viral #shorts #nsqk,"Dec 17, 2023",12,0.1,0,224,2.23
Np7QbvGndP8,Las mamás a veces pueden no percatarse de la homosexualidad de sus hijos. #Gay #shorts #viral,"Aug 6, 2023",12,0.1,0,221,2.71
iN2roS8h6iQ,Teaser - Un Show - EP 7 - Inteligencia Artificial,"Jan 18, 2024",12,0.1,0,1494,0.54
qCUI31yiOzI,"D'Influencers EP15 ""El Amor en Tiempos Modernos"" - EL Pela Romero","May 2, 2023",12,1.9,0,335,1.49
xaUEZc90z_8,"""Gordofobia"" #parati #podcast #viral #foryou #gordofobia #shortvideo #entrevista #information","Jun 13, 2024",12,0.1,0,691,0
1tsAc5wIVfg,“Verdades de la Televisión Regiomontana” - Juan Ramón Palacios D'Influencers T2 EP2,"Apr 1, 2024",11,1.4,0,3118,0.22
82FF50fPeFM,"""¿Cómo Sobreviví al Cáncer?"" - Kike Guajardo ¿Y TÚ QUIÉN ERES? EP6","Oct 5, 2023",11,1.2,0,1071,0.65
IdEePuLL-Vs,"""Contraté a mi mamá y fue difícil."" #Podcast #FernandoLozano #foryou","Oct 11, 2023",11,0.124,0,137,5.84
JOAX6IwObZM,Momentos Épicos de Pal Norte 2024 NL Relajo con Clauudea,"Apr 3, 2024",11,0.7,0,3207,0.25
Xd1ddHtewbI,"""Se metió una fan a mi camión"" #viral #podcast #entrevista #foryou #edwinluna #music #shorts","Mar 15, 2024",11,0.2,0,103,0.97
boEzMG_uajg,¡Sin censura! Edwin Luna cuenta sus secretos PALOMEANDO EP.9,"Feb 16, 2024",11,0.1,0,2189,0.37
nYDECqOzuos,"""La Dama de la Noticia"": La vida periodística de Susana Valdés D'Influencers T2 EP5","May 27, 2024",11,1.2,0,5200,0.12
s6vtmJgrokA,"""Me hizo ruido"" #parati #podcast #viral #enfermedades #information #foryou","Jul 2, 2024",11,0.1,0,851,0.35
ckcVEVKwuug,"""Cocinando Nuevo León"" #parati #viral #foryou #comida #cordero #comidamexicana #nuevoleon","Jun 4, 2024",10,0.2,0,285,0.7
isiSFstEibw,Historias en el Cine Rally MTY #historias #cinema #blog #viral,"Aug 9, 2023",10,0.1,0,186,3.76
lCceDkStYT4,Central Gamer #elmariana #gamer #foryou #viral #parati #central #videojuegos #entretenimiento,"May 28, 2024",10,0.1,0,357,1.68
66bXpKxv6E0,¿Cómo eran las tribus nómadas de N.L? | Cap. 1 Limando los Colmillos - El León del Norte.,"Mar 14, 2024",9,0.6,0,2730,0.22
7kB-DijVLwY,"DE LO MÁS NORMAL EP1 ""Amor Tóxico del Alma"" - Claudia Novelo","Apr 7, 2023",9,0.0,0,230,0.43
GOgIhYMlsGk,"D'Influencers EP18 ""NSQK: ""La Nueva Promesa Emergente de la Música Mexicana""","Jun 14, 2023",9,0.6,0,311,0
KBKmSAJSg1Y,"""Me robaron mi camioneta"" #viral #podcast #foryou #entrevista #chisme #shortvideo","May 20, 2024",9,0.095,0,186,0.54
QaNBGgj9vO0,"¡Ya disponible el episodio 3 de Voces a Colores, ""Orgullo Bisexual"" En Nuestro Canal!","Jul 8, 2023",9,0.1,0,126,3.97
aJpVfM7cpnQ,PALOMEANDO #7 - Miguel Díaz “El Periodista más Polémico”,"Dec 15, 2023",9,1.8,0,1250,0.56
o-WrGa1Y6HA,"""Otros temas"" #nsqk #punk #parati #foryou #entretenimiento #chisme #corridos #shortvideo","Apr 22, 2024",9,0.1,0,191,1.57
qUP-qv4sEbg,De niño actor de novelas a exitoso actor de teatro PALOMEANDO EP.10,"Mar 15, 2024",9,0.1,0,2695,0.15
xe795QWU3ZA,"""Yo pensé que me iban a juzgar"" #parati #podcast #viral #dragqueen #shortvideo #entretenimiento","Jun 5, 2024",9,0.1,0,312,0.96
7EmhtisqFx0,"""De Sueño a Realidad, Trabajando en Nintendo"" - José Manuel Guerra ¿Y TÚ QUIÉN ERES? EP11","Feb 1, 2024",8,1.7,0,1822,0.05
RfxuRSBdmhU,"""Me dejaron de hablar"" #podcast #viral#musica #latrakalosademonterrey #shorts #entrevista #parati","Feb 29, 2024",8,0.0,0,56,0
YyvWzB6i1Ac,"""Vida paralela"" #viral #podcast #foryou #parati #entrevista #edwinluna #hijos #chisme #shortvideo","May 3, 2024",8,0.1,0,113,1.77
f7HrC_2OZP4,"""El empoderamiento"" #viral #parati #foryou #shortvideo #mujeres #empoderamiento #entretenimiento","Jun 11, 2024",8,0.1,0,351,0.28
nHH954f2rrE,"""Detectando la Parálisis Cerebral Infantil” |EP24 SELENE LEAL |DE LO MÁS NORMAL","May 20, 2024",8,1.1,0,4493,0.13
0mewKsb5ij0,"""No es vanidad"" #parati #shortvideo #jesussoltero #chisme #entretenimiento #foryou #entrevista","May 14, 2024",7,0.0,0,111,0.9
1baGf2ZF4uk,"""Cobra comisiones# #finanzas #dinero #foryou #viral #parati #comisiones #shortvideo #conocimiento","May 8, 2024",7,0.0,0,99,1.01
OSIZKreQ6qY,"""Las redes sociales"" #parati #foryou #viral #redessociales #lacasadelosfamosos #chisme","May 17, 2024",7,0.0,0,111,1.8
aZ268g2OrfY,"""Mi Vida con Parálisis Cerebral” |EP23 ALDO PANCARDO |DE LO MÁS NORMAL","May 6, 2024",7,0.1,0,4325,0.12
bRyAlMHJzr4,"""Yo sabía que iba a llegar lejos"" #parati #viral #shortvideo #foryou #elmariana #rivers #gamer","May 5, 2024",7,0.0,0,131,0.76
dOinx_2nMDc,Explorando el pueblo mágico de Santiago NL Relajo #1T2 con Clauudea,"Oct 9, 2023",7,0.9,0,711,0.42
fZrA8SwowAw,¿Los esclavistas/conquistadores merecen monumentos?,"Mar 21, 2024",7,0.812,0,2962,0.14
fmyvhNojg6I,"""Los jefes tiemblan"" #parati #viral #foryou #shortvideo #tv #chisme #entrevista #entretenimiento","May 18, 2024",7,0.0,0,169,0.59
qVk_ddQqmH4,¿Qué es una persona no binaria? #lgbt #pride #orgullo #viral,"Aug 12, 2023",7,0.1,0,166,2.41
vocI2dl8lbs,"""Declaración anual"" #podcast #parati #foryou #declaracion #entrevista #shortvideo #conocimiento","May 6, 2024",7,0.1,0,198,1.01
26g8d8O1HYo,"""El origen de ""El gran Showman"" - Ernesto Chavana D'Influencers T2 EP1","Mar 18, 2024",6,0.0,0,2863,0.17
2CMmxlet2Yk,"""Corazón roto en el festival"" #viral #foryou #humor #parati #palnorte #monterrey #discapacidad","Apr 26, 2024",6,0.0,0,79,0
CoRhoH21IYA,"""Migración Forzada: Huir de Venezuela"" - Daniela de la Hoz EP.12 DE LO MÁS NORMAL","Oct 13, 2023",6,0.6,0,716,0.84
DJr0ucrwuIQ,"""El tiempo le ha dado la razón a las personas"" #viral #podcast #parati #karlapanini #chisme","May 4, 2024",6,0.0,0,96,1.04
Dw75iY5Xp5Q,"""Las palabras altisonantes venden"" #foryou #podcast #viral #entrevista #wcorona","Dec 19, 2023",6,0.1,0,86,5.81
E6dQuI69x_I,"D'Influencers EP17 ""Cirugía Plástica: Esculpiendo el Autoestima"" - Dr. Hugo De León","May 29, 2023",6,1.1,0,439,1.14
Y1GtEM7lM4k,"""Diseñe la barbería del Babo"" #viral #podcast #barberia #babilonia #ppcdsalvc #feed #shorts","Apr 9, 2024",6,0.0,0,86,2.33
Z34DEsztHA4,“Desde los 14 consumí drogas” #polivoces #famosos #viral #DInfluencers,"Oct 6, 2023",6,0.0,0,143,0.7
ZpXuvztg37g,"""Discapacidad: retos y prejuicios sociales""","Mar 22, 2024",6,0.0,0,3009,0.17
ce9bBeHcxag,"""La Verdad de la Educación Montessori es ¿Buena o Mala?"" |EP14 Gaby Trejo | DE LO MÁS NORMAL","Nov 10, 2023",6,0.1,0,750,0.13
vrnZNPkcwP0,"""Terminé la prepa y me fui a Ciudad de México"" #parati #foryou #viral #estudio #podcast","Jun 12, 2024",6,0.1,0,436,0
1KrHuhpT_II,NL Relajo Cap. 6 - Especial de Halloween ,"Nov 2, 2022",5,0.0,0,197,1.02
4fUc4-QVraM,"""Hechos con cariño"" #viral #parati #foryou #pandeelote #tradición #entretenimiento #comida","May 30, 2024",5,0.0,0,237,0.42
DzlqbuRR0j4,Hugo Arturo nos explica en qué se diferencia un queer del resto de la diversidad LGBTQ+,"Jul 15, 2023",5,0.0,0,140,1.43
WuyPs6UFlMQ,Explorando canal de TV no creerás lo que escuchamos NL Relajo #2T2 con Clauudea & Urbex Xtremo,"Oct 23, 2023",5,0.7,0,785,0.51
cRLCrhGWhks,"""Problema de dos"" #parati #foryou #chisme #entrevista #divorcio #podcast #viral #shortvideo","May 16, 2024",5,0.0,0,112,0
geyqOYyL1QE,“La Silla de Ruedas no me Define” - Ericka Rivera ¿Y TÚ QUIÉN ERES? EP8,"Nov 2, 2023",5,0.4,0,746,0.4
y_R-NEqKTZU,"""Cinemas Raly"" #viral #foryou #parati #cinema #vintage #entretenimiento #shortvideo","May 19, 2024",5,0.0,0,178,0.56
 ,"""Lidiando con el cáncer de manera psicológica"" |EP19 Dra. Leticia Jaime |DE LO MÁS NORMAL","Mar 11, 2024",4,0.0,0,2563,0.08
4q28wDAcW6g,"""¿Cómo se gana una exclusiva?"" #podcast #parati #foryou #tigres #deportes #entrevista #chisme","May 15, 2024",4,0.0,0,116,0
87rxgYoRkzQ,"""Mujer pecadora"" #artista #unam #cienciaspolíticas #actriz #viral #foryou #parati #entretenimiento","Apr 21, 2024",4,0.0,0,116,0
CGrBSqz5tBw,Pateando Micrófonos EP1 “El Legado del Deporte” – Oscar Morales.,"Oct 26, 2022",4,0.0,0,214,1.87
H4MgGReQIv8,ENCABRITADOS FESTIVAL 2023 NL Relajo #4T2 con Clauudea,"Nov 22, 2023",4,0.1,0,823,0.49
OR4tgEhPjHc,“Revelando el Asombroso Mundo de los Parrilleros” - ¿Y TÚ QUIÉN ERES? EP2 | Alejandro Gutiérrez,"Aug 10, 2023",4,1.272,0,519,0.77
OYyRMBwJh2Y,Así se vivió el Festival ‘Cielo Mágico’ NL Relajo #8T2 con Clauudea,"Jan 22, 2024",4,0.096,0,1612,0.06
SVae_F8AZFg,"""Apoyo incondicional"" #apoyo #matrimonio #estabilidad #viral #parati #foryou #shortvideo #chisme","Apr 29, 2024",4,0.0,0,95,0
ZFv38GgUGQo,"""Lugar seguro"" #parati #pride #shortvideo #foryou #parati #viral #entrevista #entretenimiento","Apr 28, 2024",4,0.0,0,76,0
bIEFfNmt0-U,"""¿Segura de que te quieres casar?"" -Cecy García #foryou #podcast #bodas #shorts #viral","Jan 15, 2024",4,0.0,0,190,1.58
eicGabquukM,DE LO MÁS NORMAL EP10 “¿Hipnosis o Control Mental?: Aquí Toda la verdad“ - Clara Valles,"Sep 9, 2023",4,0.0,0,558,0.18
gCW6V6tx_vU,"D'Influencers EP6 ""La Voz que Resuena"" - Gregorio Bernal","Jan 2, 2023",4,0.0,0,168,0
glPhoqVgoUY,"Viviendo Entre Montañas EP4 ""Cuidemos nuestro hogar"" - Zuleima Rincón","Dec 5, 2022",4,0.0,0,160,0
imYTc7Wc0H4,MTY BBQ Fest el Evento más Importante de BBQ en el Norte de México NL Relajo #11T2 con Clauudea,"Mar 4, 2024",4,0.0,0,2497,0.04
jyWqiN3I0PQ,La Revolución de los Corridos Tumbados.,"Jul 26, 2023",4,0.1,0,116,3.45
p5mIxsZt9K0,"""Mundos cerrados"" -Cesar Ritual #viral #podcast #entrevista #foryou #tatuajes #tattoo #parati","Mar 16, 2024",4,0.0,0,193,1.55
uLbapJeCG5o,¿Qué estoy haciendo aquí? -Goyito Pérez #foryou #podcast #shorts #ufc #viral #entrevista,"Jan 22, 2024",4,0.1,0,106,0
wH1DwV9ULa8,D'Influencers EP11 El Emblemático Café Iguana,"Mar 6, 2023",4,0.8,0,209,1.44
-AfMhUyas-w,"¿Y TÚ QUIÉN ERES? EP3 ""El Primer Mexicano en la UFC"" - Goyito Pérez","Aug 25, 2023",3,0.3,0,521,0.58
-H9cve8xwAk,"D'Influencers EP14 ""Pura Calle"" con W. Corona","Apr 17, 2023",3,0.5,0,218,0.46
1DDtGmsYdqk,"""Remodele el estudio del Babo"" #foryou #podcast #entrevista #ppcdsalvc #shorts #viral #babilonia","Jan 29, 2024",3,0.0,0,137,0
1jT5O8ChmbA,"""Los esclavos de Santiago N.L."" #historia #monterrey #foryou","Oct 21, 2023",3,0.0,0,46,2.17
4bT9TAhIPTs,¿Por qué los espíritus se quieren comunicar? #foryou #podcast #shorts #miedo #entrevista,"Jan 27, 2024",3,0.0,0,76,1.32
5uMpj-yHge8,NL Relajo Cap. 12 - Van Gogh The Immersive Experience,"Jan 7, 2023",3,0.0,0,159,0.63
9WM1_LO-F78,"""Yo soy mi propia competencia"" -Jesús Soltero #foryou #podcast #viral #parati #entrevista","Feb 22, 2024",3,0.0,0,71,0
BlWYzek7ZVs,Rosa Pastel #viral #palnorte #monterrey #espectaculo #conciertos #entretenimiento #parati #foryou,"Apr 20, 2024",3,0.0,0,70,0
DHTPfh4gkeM,"""La Ruta Madre: El Desafío más completo"" - EP14 VIVIENDO ENTRE MONTAÑAS - JAVIER BARREDA","Jun 22, 2023",3,0.6,0,328,0.3
GDU2hg2XeDE,"""El Autismo: ¿Limita la vida?"" |EP.13 - El Tono de Marcelo | DE LO MÁS NORMAL","Oct 27, 2023",3,0.1,0,688,0.29
GrQSfcQtC0U,"NOSOTRAS PODEMOS EP6 ""Nunca des el 100"" - Mónica Aranda","Jan 11, 2023",3,0.0,0,170,0
QY4KbwzjSHc,"Pateando Micrófonos EP8 ""Quien Dice que Juega al Límite, es Porque lo Tiene - Enoc Carranco","Feb 24, 2023",3,0.001,0,194,1.55
RLMTPollrlQ,El miedo ante el equipo creado en la colonia independencia. #foryou #podcast #entrevista #futbol,"Jan 9, 2024",3,0.0,0,47,6.38
Vbfezukoii8,“El Próximo Campeón del Mundo” - Saúl Treviño ¿Y TÚ QUIÉN ERES? EP5,"Sep 21, 2023",3,0.005,0,589,0.34
YMZsN9KdDHc,"""Alimentación Infantil: Niños Picky Eater"" |EP15 Laura Marchán |DE LO MÁS NORMAL","Nov 24, 2023",3,0.09,0,872,0.11
bEXrqQG-0gs,"""Se me acabó el mundo"" #viral #podcast #foryou #parati #chisme #monterrey #depresion #papa #short","May 2, 2024",3,0.1,0,124,0.81
dd0Ab_TJpKw,"D'Influencers EP13 ""El Despertar de la Cumbia"" - La Morocha","Apr 3, 2023",3,0.2,0,195,0.51
eKxqlQZdLbQ,"""El Lado Obscuro de la Maternidad"" |EP16 Alejandra Zertuche |DE LO MÁS NORMAL","Jan 25, 2024",3,0.0,0,1622,0
e_XbXnK8ugk,"""Las chicas se exhiben por su Only"" #viral #chisme #podcast #entretenimiento #monterrey #exhibición","May 7, 2024",3,0.0,0,127,1.57
i_5EVzlbZyI,Especial Día de Muertos en el Panteón del Carmen NL Relajo #3T2 con Clauudea,"Nov 2, 2023",3,0.3,0,705,0.28
kWQfrnh7LL0,"Nunca ocupé que me mantuviera él, ni nadie #karlapanini #chisme #viral #podcast #parati #escandalo","Feb 23, 2024",3,0.0,0,42,2.38
ktve_dx07TE,D'Influencers EP9 “La Magia del Retrato” - Lazaro Casas,"Feb 13, 2023",3,0.3,0,180,0.56
q4lAYZip2IM,"NOSOTRAS PODEMOS EP7 ""Salud mental y espiritual: clave para triunfar"" - Irene Galop","Jan 25, 2023",3,0.7,0,194,1.03
xuSSkPy0RUo,"""El Regio que Ilustra para MARVEL y DC"" - Carlo Barberi ¿Y TÚ QUIÉN ERES? EP7","Oct 19, 2023",3,0.0,0,706,0.14
yOxeqBYNwvk,TEASER: VOCES A COLORES,"Jun 26, 2023",3,0.0,0,323,0.93
-nlP78duJWg,"#Es difícil vivir de esto"" #parati #entretenimiento #ufc #foryou #shortvideo #chisme #podcast","Apr 27, 2024",2,0.0,0,71,1.41
35n0W2koVic,¿A quien le creo? Autismo. De Lo Mas Normal. Podcast,"Jul 7, 2023",2,0.0,0,68,0
3PA-JFuxfic,"Viviendo Entre Montañas EP2 ""La Estanzuela: Revelando sus Secretos""","Nov 7, 2022",2,0.0,0,179,1.12
4ZGNSPYBZIQ,"""Peleas en el aire"" #viral #podcast #globoaerostatico #peleasepicas #anillo #chisme","Mar 28, 2024",2,0.0,0,44,0
5kWdv3k5Vo0,"""La importancia de la terapia"" #foryou #podcast #shorts #viral #terapia #pareja","Jan 19, 2024",2,0.0,0,64,0
6ARRBxt-Yh8,"""Odio todo lo que está al rededor del fútbol"" -César Tiberio #foryou #podcast #shorts #futbol","Jan 17, 2024",2,0.0,0,57,1.75
6PtqLsdjYrA,"¿Cómo surgió ""Canción sin Miedo""?","Jul 3, 2023",2,0.0,0,73,0
96Cl9uB2Mm4,“¿Quieres Ganar un Grammy? Así se Logra”¿Y TÚ QUIÉN ERES? EP4 - Jair Alcalá,"Sep 7, 2023",2,0.0,0,545,0.37
9jCvEvR_CEE,La Experiencia en Cinemas Raly NL Relajo#19 con Clauudea ''La Pana'',"Apr 14, 2023",2,0.2,0,248,0.81
9jsC8tFq7nA,"Nosotras Podemos EP2 ""El Crecimiento es un Arduo Proceso"" - Mayra Sotero","Nov 2, 2022",2,0.0,0,186,0
A3xLL3MRMJw,"D'Influencers EP20 ""Del Fogón a la Fama: La Cocina de un MasterChef"" - Carlos Leal","Jul 10, 2023",2,0.1,0,376,0.27
Gnn6AGhRoB4,Nuevo episodio Relajo: Central Gamer #foryou #viral #shorts #juanguarnizo #rivers #elmariana #gamer,"Feb 21, 2024",2,0.0,0,109,0.92
 ,El estancamiento ideológico es una realidad que afecta a los niños. #pride #shorts #viral #drag,"Aug 4, 2023",2,0.0,0,25,8
M1rwZ3iyliM,"""El Trabajo más Odiado: Soy Árbitra de la FIFA"" - Carolina Briones ¿Y TÚ QUIÉN ERES? EP9","Nov 16, 2023",2,0.0,0,769,0.13
M3R65VeL3js,"""Los niños son los maestros"" #viral #podcast #entrevista #foryou #montessori #maestro","Mar 17, 2024",2,0.0,0,131,1.53
MHnecQgiBeA,Viviendo Entre Montañas EP13 “El Berseker de la Montaña” – Erick García,"Apr 24, 2023",2,0.1,0,243,0
Mm_tDF7A4X0,¿Cómo le voy a hacer sola? #parati #foryou #viral #marina #entrevista #chisme #polemica #shortvideo,"May 1, 2024",2,0.0,0,110,0
N7yTRh3JHw4,¿Cómo pensaban los nómadas en N.L.? #viral #podcast #shorts #monterrey #historia #foryou,"Mar 14, 2024",2,0.0,0,132,0.76
RsRPm86Hkmg,¿Quién fue el loco? #viral #podcast #foryou #parati #palnorte #festival #monterrey #lamole #short,"Apr 23, 2024",2,0.0,0,99,0
YG2mO7K6YOw,EP.7 “Más+ Orgullo” con Farfalla | Voces a Colores,"Jul 20, 2023",2,0.0,0,409,0
beIJJtja8hM,"""¿De qué me estas hablando?"" #chisme #viral #parati #foryou #shortvideo #entretenimiento #famosos","Apr 30, 2024",2,0.0,0,97,0
cbIfStcl2WM,"DE LO MÁS NORMAL EP4 ""El Diagnóstico: ¿Comienzo o Final?"" - Issa Ross","May 26, 2023",2,0.0,0,349,0.57
dg1PjawVUjc,"""Año complicado"" #viral #viral #df #parati #foryou #chisme #shortvideo #monterrey #carneasada","Apr 24, 2024",2,0.1,0,68,0
fTNXHtI3NFU,"DE LO MÁS NORMAL EP6 ""La otra cara de la educación inclusiva"" - Ivón Ventura & Tania Flores","Jun 23, 2023",2,0.1,0,331,0.3
jOK_EdmsLm8,"""Ernesto Gabriel"" #podcast #viral #entrevista #foryou #parati #shortvideo #entretenimiento","Apr 16, 2024",2,0.0,0,108,0.93
lC2kQBFLayY,"""Me distancié"" #viral #podcast #entrevista #foryou #chisme #feedshorts","Apr 10, 2024",2,0.0,0,50,0
mEfHybQS3jE,Creando el Mezcal Perfecto - EP17 NOSOTRAS PODEMOS - Ana Rodríguez,"Jul 5, 2023",2,0.0,0,357,0.28
mbdGGeeVvCs,Relajo NL Lanzamiento de La Marca Destino Nuevo León con Clauudea ''La Pana'',"Jun 6, 2023",2,0.1,0,290,0.34
pIU_NtJFnCs,"D'Influencers EP3 ""Una Mujer De Oro"" - Adriana Macías","Nov 14, 2022",2,0.0,0,203,0
qW2XkjhrA5Q,"Viviendo Entre Montañas EP3 Potrero Chico: ""Escalando Sueños"" - Francisco Contreras","Nov 16, 2022",2,0.1,0,171,0.58
qyzrBLVWOxI,"""Los niños en redes sociales"" #foryou #podcast #shorts #viral #adolescentes #redessociales","Feb 10, 2024",2,0.0,0,118,0.85
sH1G2172lq0,El mayor riesgo de la hipnosis. #DLMN #psicologia #hipnosis #viral,"Oct 5, 2023",2,0.0,0,24,0
sIR_6ylpNHI,"""Hate en los medios"" #viral #podcast #karlapanini #entrevista #foryou #parati #reels #reelsvideo","Mar 13, 2024",2,0.0,0,68,1.47
t2AW40HWFHw,"""La importancia de los alimentos"" #podcast #viral #entrevista #autismo #foryou #parati #shortvideo","Apr 18, 2024",2,0.0,0,71,0
txE2ys7HNAE,"D'Influencers EP19 ""La Historia Detrás de un Himno"" - Vivir Quintana","Jun 26, 2023",2,0.0,0,359,0.28
vtXCUuljJlA,Actividad Paranormal Captada en Canal de TV #foryou #miedo #terror #paranormal,"Nov 2, 2023",2,0.0,0,33,0
wed2sjdcIjE,Macro Navidad NL Relajo #6T2 con Clauudea,"Dec 15, 2023",2,0.0,0,1099,0
xmdqYMQcZGs,NL Relajo Cap. 14 - San Valentin con Desprecio ft Cafe Iguana,"Feb 25, 2023",2,0.0,0,214,0.93
-3_fehYG2c0,"“Alcancé el Éxito en mi Carrera, pero no Era Feliz” - EP14 NOSOTRAS PODEMOS - Rocio Herrera.","May 24, 2023",1,0.005,0,257,0.39
1pRUMx6TBIE,"""Detrás del Arcoíris"" - EP16 NOSOTRAS PODEMOS - Daniel Niño y Etto Santana","Jun 21, 2023",1,0.0,0,303,0.33
5AebNsLL8EE,NL Relajo Cap. 15 - Zombie Fest 2023 Mty,"Mar 4, 2023",1,0.0,0,182,0.55
61NpBoHltiA,"""El proceso de los niños en el cáncer"" #podcast #short #psicologia #cancer #viral #platica #proceso","Mar 27, 2024",1,0.0,0,53,0
6M-DZca_EAg,"""No dejaban entrar a mi familia y fans"" #podcast #foryou #viral #laacademia","Dec 17, 2023",1,0.0,0,40,0
7lSz2MsVag8,La raza opina sobre la edición #PalNorte2023 | NL Relajo #18 con Clauudea ''La Pana'',"Apr 5, 2023",1,0.0,0,238,0.42
969OLT1y3Ug,"Viviendo Entre Montañas EP6 ""Escalar: Deporte Mental"" - Karla Moya","Jan 5, 2023",1,0.0,0,168,0.6
981F9S8HFZs,EP.2 “Orgullo Gay” con Fer Sierra | Voces a Colores,"Jul 3, 2023",1,0.1,0,345,0.29
9bLILueXu6A,Una Aventura Gastronómica y de Moda en el Mercado de la Florida #NLRelajo20 con Clauudea ''La Pana'',"May 5, 2023",1,0.0,0,266,0.38
A-H_YnT9hB0,D' Influencers EP2 “El Rey del Tatuaje” – Cesar “Ritual”,"Nov 1, 2022",1,0.0,0,194,0.52
B-WbM9gBGjE,"Pateando Micrófonos EP9 ""Alistando Flechas"" - Jesús Zavala","Mar 9, 2023",1,0.0,0,183,0.55
Bw0GuMvIMg0,"DE LO MÁS NORMAL EP2 ""El Éxito es Mental"" - Elsy Vizcarra","Apr 21, 2023",1,0.0,0,239,0
FKRzHn4_Dug,"¿AMAS LOS TACOS? Nuestra Experiencia en el #TacoFestMTY"" |Fabian y Mildret |Digital28nl","Dec 8, 2023",1,0.0,0,1038,0
F_Tflwj3nnw,"""Sin querer"" #podcast #viral #entrevista #entretenimiento #parati #platica #shortvideo #foryou","Apr 14, 2024",1,0.0,0,67,1.49
FnAJInq9Mxw,¿Atreverse a hacer Drag? #drag #gay #lgbt #makeup,"Aug 8, 2023",1,0.0,0,58,1.72
G9M6VvH_N3g,y tu quien eres loop,"Jun 15, 2023",1,0.0,0,292,0.34
HVX9DYCfO80,"""Fotógrafo profesional"" #podcast #viral #fotografia #foryou #parati #entretenimiento #platica","Apr 13, 2024",1,0.0,0,58,1.72
JHTLUSR3uYY,"""La exigencia de mis padres"" #viral #podcast #entrevista #foryou #esshow #parati #entretenimiento","Mar 24, 2024",1,0.0,0,43,0
LK0nmhxtUjA,"""La creación del Café Iguana"" #foryou #podcast #entrevista #shorts #viral #cafeiguana","Feb 1, 2024",1,0.0,0,34,2.94
M0rBJH9RlIE,"""Era muy intensa"" -Marina #podcast #viral #entrevista #parati #chisme #marina #shorts","Feb 27, 2024",1,0.0,0,87,0
MIwgUgKvO2I,"""El fútbol femenil en México"" #viral #podcast #futbol #shorts #deportes #entrevista #futbolfemenino","Mar 5, 2024",1,0.0,0,61,1.64
NOVHsB1Vbt0,"Pateando Micrófonos EP2 ""Entrenar no es un Juego"" - Roberto Medina","Nov 9, 2022",1,0.0,0,157,0.64
NfZ0pkXfrb8,EP.3 “Orgullo Bisexual” con Angel Reyes | Voces a Colores,"Jul 5, 2023",1,0.0,0,367,0.27
OAXbUErmFxA,"""Las disqueras no tenían presupuesto"" #podcast #viral #parati #entrevista #chisme #shortvideo","Apr 12, 2024",1,0.0,0,49,0
OMhWC8jrtwA,"NOSOTRAS PODEMOS EP4 ""La Belleza una Fortaleza"" - Laura López","Dec 14, 2022",1,0.0,0,160,0
Sr6DqdUsuio,"""Sí me eh sentido NO aceptada"" #viral #podcast #entrevista #discapacidad #discrimination #feedshorts","Apr 5, 2024",1,0,0,69,1.45
Tgso0XNVEUk,Tiktok hipers*xualiza a los niños,"Jul 16, 2023",1,0.0,0,67,0
TqOA1jLibao,"""La terapia de pareja es importante"" -Eva Nava  #foryou #podcast #shorts #viral #terapia","Jan 21, 2024",1,0.0,0,53,0
Vj-FUeAw_2w,"""El éxito del Café Iguana"" #viral #podcast #cafeiguana #exito #conciertos #negocios #feedshorts","Apr 2, 2024",1,0.0,0,63,1.59
_VpQ3H6nMNs,"""Límites de un cirujano"" #foryou #podcast #viral #shorts #cirugiaplastica #parati","Feb 16, 2024",1,0.0,0,49,2.04
b3aAqL_J-Lo,"""Siempre eh tenido conexión con el público"" #emily #cantante #viral #podcast #shorts #platica","Mar 20, 2024",1,0.0,0,117,0.85
bEMSUdNs6_M,"DE LO MÁS NORMAL EP5 ""Cirugías Bariátricas"" - Sthephany Cantú","Jun 10, 2023",1,0.0,0,363,0.28
c2GahwtTjgc,"EP10 ""La Revolución del Fútbol Femenil""- Sofía Ochoa Pateando Micrófonos","Apr 20, 2023",1,0.0,0,232,0.43
foBoFb8d5UY,"Viviendo Entre Montañas EP10 ""La Voz de la Experiencia"" - Juan Guzmán","Mar 1, 2023",1,0.3,0,182,0
g277HQmLKpc,"DE LO MÁS NORMAL EP. 7 ""Padres Presentes, Adolescentes Preparados"" - Laura Villarreal","Jul 13, 2023",1,0.1,0,390,0.26
g9vj5VmqJaI,¿Qué hace en Televisa? #foryou #podcast #viral #entrevista #parati,"Feb 20, 2024",1,0.0,0,73,1.37
ht32K5RvDG4,"""son al menos 18 horas grabando"" #viral #podcast #entrevista #masterchef #foryou #chef","Mar 18, 2024",1,0.0,0,69,1.45
htrzp4TIhBI,LMT nos cuenta lo desagradable que es trabajar con periodistas tóxicos #viral #podcast #foryou,"Oct 12, 2023",1,0.0,0,25,4
jJ1zPk-VDAw,Barbie Rompe Record,"Jul 26, 2023",1,0.0,0,21,4.76
kZhZ7ZqI8s8,"""No cualquiera"" #viral #podcast #lacasadelosfamosos #chisme #entretenimiento #parati #shortvideo","Apr 11, 2024",1,0.0,0,64,0
kmtmzZy3vRQ,"""Cápsula del tiempo"" #viral #podcast #entrevista #foryou #masterchef #parati #entretenimiento","Apr 8, 2024",1,0.003,0,53,0
kzyzcGrfF1g,¡Disfruta el Episodio 1 De Voces a Colores ya disponible en nuestro canal!,"Jul 5, 2023",1,0.002,0,44,2.27
mcebS7PMYfg,"""Viví abajo de un puente"" #foryou #podcast #entrevista #shorts #viral","Jan 30, 2024",1,0.006,0,74,0
nZiGrBc2fs4,"NOSOTRAS PODEMOS EP9 ""El Lado Dulce del Emprendimiento"" - Fanny Contreras","Feb 28, 2023",1,0.0,0,207,0.48
ow0fbovDWQc,"DE LO MÁS NORMAL EP8 ""Citas Digitales: Navegando Encuentros"" - Vero Cadena","Aug 8, 2023",1,0.0,0,483,0.21
pTVzPllkA5U,"""Lo hice sin pensar"" #viral #foryou #parati #juanguarnizo #gamer #tatuajes #entretenimiento","Apr 17, 2024",1,0.0,0,62,0
t3prxGAg-9E,"EP11 ""Hablemos de Finanzas sin Miedo"" - Nosotras Podemos con Melina Sepúlveda","Apr 1, 2023",1,0.01,0,199,0.5
t7B9Eoy08uA,"NOSOTRAS PODEMOS EP13 ""Vuela Soñando, Aterriza Emprendiendo"" - Nelda Méndez","Apr 26, 2023",1,0.023,0,228,0
tT11GBttqLw,"""Cuando termina el amor ya no hay nada que hacer"" #foryou #podcast #viral #relaciones #chisme","Feb 24, 2024",1,0.0,0,41,2.44
tXxK1ayIR58,EP.4 “Orgullo Trans” con Sofía Bazurto | Voces a Colores,"Jul 7, 2023",1,0.0,0,369,0
u7I_O-DaRkc,"""Mujeres emprendedoras"" #viral #podcast #entrevista #podcastemprendimiento #foryou #parati #foryou","Mar 9, 2024",1,0.0,0,67,0
u8n8F_e6jRI,"""El condicionamiento no es recomendable en niños"" #viral #podcast #niños #shorts #alimentos #foryou","Mar 19, 2024",1,0.0,0,43,2.33
vi8Rc6z-JTQ,"¡Se les cayó el anillo"" #foryou #entrevista #viral #shorts #festival #vlog","Jan 23, 2024",1,0.0,0,41,0
xvznMaP4J8c,"""No sirves para hacer televisión"" #viral #podcast #foryou #parati #chisme #shortvideo #espectaculo","Apr 19, 2024",1,0.0,0,70,0
zXIUv_qVnOQ,"""El proceso después de operarte"" #foryou #podcast #shorts #viral #cirugiabariatrica #parati","Feb 12, 2024",1,0.0,0,36,2.78
-ERrO7L1BDs,Experiencias Paranormales en Canal 28 #viral #terror #paranormal #miedo,"Nov 1, 2023",0,0,0,36,0
1UkNL-eFy3g,Pude haber estado en Timbiriche #podcast #shorts #foryou #viral #armandoaraiza,"Dec 13, 2023",0,0,0,25,0
3-6F0V26a_Y,"""Las apps te ayudan a darte a conocer"" #foryou #podcast #relaciones #shorts #viral #tinder","Feb 9, 2024",0,0,0,59,0
6j2cMM3lH8M,"""Muñequita"" #viral #podcast #podcastmexico #parati #shortvideo #educación #educacionespecial","Apr 4, 2024",0,0,0,39,0
8X5-13-Lcng,"""El arte de transformar"" #viral #podcast #foryou #entrevista #parati #dragqueen #entretenimiento","Mar 4, 2024",0,0,0,70,0
9_f7Eg9BjvM,¿Cómo ser más inclusivos? Ep. 2 de Voces A Colores Ya Disponible,"Jul 5, 2023",0,0,0,24,0
F5_-rY8-uIk,La Escena Drag en Monterrey. #drag #rebelmork #monterrey,"Aug 10, 2023",0,0,0,46,0
KXvK3KD2XkY,"""Vendimos casi 2 millones"" #viral #podcast #entrevista #foryou #musica #ventas #international","Mar 23, 2024",0,0,0,43,0
LvwIaHrKFt4,"""Diligencia fiscal"" #viral #podcast #entrevista #foryou #parati #impuestos #finanzas","Mar 8, 2024",0,0,0,81,0
MFLh-MrxZxU,Trabajar con Maria Julia -Fernando Lozano #foryou #podcast #viral #entrevista #short,"Jan 24, 2024",0,0,0,67,0
OTiEhdb4A4U,La experiencia de trabajar con Maria Julia. #foryou #podcast #monterrey,"Nov 5, 2023",0,0,0,99,0
OwQlljUcYBs,"""Soy autista"" #viral #podcast #entrevista #autismo #parati #tda #tdh","Mar 26, 2024",0,0,0,70,0
RTkw1AnVacM,Estreno Zona Flag: El primer programa de Flag Football en TV. Martes a las 8:00 PM #deportes #viral,"Feb 9, 2024",0,0,0,39,0
Vc7_3ZpxOJ8,"""Mirada adulta"" #viral #podcast #entrevista #foryou #parati #shortvideo #hipnosis","Apr 7, 2024",0,0,0,63,0
W8pH96uVQUY,"""Barreras"" #podcast #viral #foryou #parati #covid19 #shortvideo #platica #tatuajes","Apr 15, 2024",0,0,0,64,0
_Fb3WbVftIQ,Sal de tu capullo - Voces a colores,"Jul 25, 2023",0,0,0,45,0
eoQV_j136yY,"""Tu manera de escribir es especial"" #viral #podcast #marcha8m #8m #shortvideo #parati","Apr 6, 2024",0,0,0,49,0
lgeogsfbxk8,El origen de la palabra 'Drag'. #foryou #pride #shorts #viral #drag,"Aug 3, 2023",0,0,0,55,0
nM1X92bwJC4,"""La gente ataca lo que no conoce"" -Alex Sintek #foryou #shorts #viral #podcast #entrevista","Jan 25, 2024",0,0,0,66,0
vlFFSotDg4s,Demuestra lo fuerte que eres. #fitness #mujeres #ejercicio,"Aug 1, 2023",0,0,0,43,0
-gJn0CByukE,NL Relajo Cap. 16 - NL Relajo con Ellas Especial 8M,"Mar 13, 2023",,,,180,0
09TwDbT8ARg,D'Influencers EP10 “El Precio de la Fama” - Aleks Syntek,"Feb 20, 2023",,,,168,0
0Z8vGPSQSRg,NL Relajo Cap. 9 - La Conve 2022,"Nov 30, 2022",,,,154,0
0j5mUyh9zCY,"""De grande buscamos lo que nos faltó de niños"" #viral #podcast #relaciones #relacaotoxica #shorts","Mar 31, 2024",,,,49,0
1yhonQJwkf8,"""Hay que ser honestos"" #foryou #podcast #entrevista #shorts #cirugíaestética #viral","Jan 28, 2024",,,,27,0
2eviM7RyJ9E,"""Hay mucha desconfianza en todo"" #viral #podcast #entrevista #foryou #jesussoltero #chisme","Apr 1, 2024",,,,59,0
2uIMLDULriQ,"""No sabía hacer un arroz"" #viral #podcast #entrevista #podcastemprendimiento #foryou #shortvideo","Mar 14, 2024",,,,42,0
3Oh5IDryAiU,"""Un dolor de cabeza que no quiero"" #viral #podcast #foryou #parati #foryou #chisme #entrevista","Mar 7, 2024",,,,35,0
3QvkrmFbuno,"Viviendo Entre Montañas EP7 ""Escalando Fronteras"" - Asael Ávila","Jan 18, 2023",,,,169,0
4SyaWcgvSwc,Cola de caballo #parati #foryou #viral #coladecaballo #nuevoleon #conocimiento #cascadas,"Jul 8, 2024",,,,2,0
4fxcpLKsTrY,"""No todas las canciones son éxitos"" #foryou #podcast #viral #shorts #canciones #exito","Feb 14, 2024",,,,92,0
58N0_reRaR8,Pateando Micrófonos EP5 “De Capitán a Campeón” - Mauricio Martínez,"Dec 27, 2022",,,,162,0
5NfKkQ3Eb-4,"""Como sobrelleve mi condición"" #foryou #podcast #shorts #viral #discapacidad #parati","Feb 15, 2024",,,,24,0
5tdwnaY6TtY,"""Me enamoré del fútbol"" #viral #podcast #entrevista #shortvideo #futbolfemenino #futbol #monterrey","Mar 30, 2024",,,,48,0
5xUakl2QNto,"""La fuerza de las palabras"" #foryou #podcast #shorts #viral #relaciones","Jan 18, 2024",,,,31,0
6dhT2O3w-60,El lugar más seguro #pandemia #niños #saludmental #redessociales #viral,"Aug 7, 2023",,,,14,0
70NiTejESSQ,"""Me querían robar mi marca"" -Elsy Vizcarra #foryou #podcast #podcastemprendimiento #shorts #viral","Jan 14, 2024",,,,21,0
7AI-gEM5GVk,"""Me ofrecían mucha lana"" #viral #podcast #entrevista #foryou #parati #chisme #shortvideo","Mar 6, 2024",,,,32,0
80XbAbnyuIA,"""El cambio de basquetbol"" #foryou #podcast #shorts #viral #basquetbol #deportes #parati","Feb 13, 2024",,,,32,0
8NcMuGdMFIc,“Mexicana Conquista España con Educación Financiera para Niños”- EP15 NOSOTRAS PODEMOS -Paola Arjona,"Jun 7, 2023",,,,285,0
8sjXr4CGMdg,"""La comunicación con nuestros hijos"" #foryou #podcast #hijos #viral #shorts #parati","Feb 18, 2024",,,,25,0
9_pfqHmqEm0,Contra corriente: Demuestra que vas en serio.,"Jul 25, 2023",,,,24,0
Bf_7WSox6Es,"""Escándalos y Ambiciones de Fernando Lozano"" D’Influencers EP26","Oct 4, 2023",,,,615,0
C_7tOQcFUOY,"PRIDE 2023: ""Celebrando en la Marcha de la Diversidad"" NL Relajo con Clauudea","Jun 23, 2023",,,,319,0
EiI6ltkp5lY,"""Yo sí lo voy a hacer bien"" #viral #podcast #entrevista #foryou #maternidad  #entretenimiento","Mar 25, 2024",,,,46,0
HRKcRDK0N44,"Viviendo Entre Montañas EP8 ""El Sueño que se volvió Récord"" - Fernando Villatoro","Feb 1, 2023",,,,170,0
LDaFNCP-xa4,Tu alter ego te rescata. #rebelmork #drag #lgbt #viral,"Aug 13, 2023",,,,55,0
LVz1gJ8OjN8,Edie Blue comparte los problemas de la comunidad LGBTQ+ #foryou #pride #shorts #viral #nobinario,"Aug 5, 2023",,,,17,0
LuKD8j0NzTA,֢NL Relajo Cap. 11 - Especial de Navidad ,"Dec 24, 2022",,,,152,0
M5Q6yv-_kwY,"Viviendo entre Montañas EP11 ""Rodando en la Montaña"" - Esteban Rodríguez","Mar 29, 2023",,,,195,0
NxkNEaCHUik,"""Yo ilustre el logo de los Tigres"" #tigres #tigresuanl #monterrey #foryou","Oct 22, 2023",,,,10,0
OOPrrAUORYY,Nosotras Podemos EP3 - #MUJER,"Nov 26, 2022",,,,144,0
QkGIuB-fllY,Aventura Jurásica: Explorando el mundo de Nuevolandia #NLRelajo21 con Clauudea ''La Pana'',"May 19, 2023",,,,259,0
QreHL9hXHWw,"""sí yo puedo, tú puedes"" #foryou #podcast #television #viral #espectaculo #shorts","Feb 26, 2024",,,,35,0
RqTtyw8g8_4,Fabian te cuenta algunos datos sobre el nuevo disco de @badbunnypr #nadiesabeloquevaapasarmañana 鸞,"Oct 20, 2023",,,,28,0
SAohkD0Q4kY,NL Relajo Cap. 7 - Encabritados Fest 2022 ,"Nov 4, 2022",,,,191,0
SJqoX090d9M,"Ep 7 DLMN Padres presentes, adolescentes preparados Laura Villarreal Master","Jul 11, 2023",,,,12,0
ScK1rzP9gyk,Las relaciones tóxicas #viral #foryou #relacionestóxicas,"Nov 3, 2023",,,,8,0
Si2UleNoV_Y,"""¿Qué quiero lograr yo?"" #podcast #viral #viral #foryou #entrevista #parati #experiencias","Mar 3, 2024",,,,29,0
SqdvxztOCtc,"Pateando Micrófonos EP6 ""De Ballboy a Tenista Internacional"" - Alfonso “Chiquirringo” González","Jan 9, 2023",,,,155,0
T-3_kkZliTE,NL Relajo Cap. 10 - Coca-Cola Flow Fest 2022,"Dec 10, 2022",,,,147,0
UKgQ_i0phhU,"D'Influencers EP8 ""Cocinando Éxitos"" - Fernando Puente","Jan 30, 2023",,,,171,0
UcJh5OFIyoA,"Viviendo Entre Montañas EP9 ""Sube a la Cima y Deja el Ego Abajo"" - Paul Vera","Feb 15, 2023",,,,175,0
VNSVUMjKTwo,"""Es necesario poner límites"" #foryou #podcast #entrevista #relaciones #viral #shorts","Feb 8, 2024",,,,25,0
Vi5QI8I6yzo,"Pateando Micrófonos EP4 ""El Secreto para Ganar en la F1"" - César Tiberio Jiménez","Dec 8, 2022",,,,180,0
VlTry3IOfng,"""Le choqué la camioneta a mi mamá"" #podcast #viral #foryou #parati #entrevista #casting #choque","Feb 28, 2024",,,,34,0
WaERScU79OE,"Pateando Micrófonos EP3 ""Capturando Leyendas"" - Sin Guerrero","Nov 21, 2022",,,,146,0
Wrec4D1tei8,"D´Influencers EP5 ¨Emblema, Símbolo y Teatro¨ - Nena Delgado","Dec 12, 2022",,,,154,0
YF_MC2U-ybU,¿Quieres ser periodista? #foryou #podcast #viral #shorts #television #periodismo #parati,"Feb 21, 2024",,,,94,0
_DxLn64KhCs,La muerte de mi padre. #DInfluencers #foryou #monterrey,"Oct 13, 2023",,,,22,0
aqPdW-Nxqek,"""Lo difícil que fue salirme de trabajar para poner mi negocio"" #foryou #podcast #viral #shorts","Dec 18, 2023",,,,22,0
b125GN8JrMk,"""Nadie nace sabiendo"" #foryou #podcast #viral #shorts #negocios #parati","Feb 17, 2024",,,,31,0
d5MNvY_RgS4,"""No hay lugar malo para tener un negocio"" #foryou #podcast #viral #entrevista #negocios","Dec 21, 2023",,,,41,0
dhLl93LndXY,"NOSOTRAS PODEMOS EP8 ""El Show Debe Continuar"" - Angye Castro","Feb 8, 2023",,,,168,0
eNgV8tphy-s,"NOSOTRAS PODEMOS EP10 ""Organizadora de Sueños"" - Cecy García","Mar 15, 2023",,,,182,0
elZt9ZwgDYs,NL Relajo Cap. 17 - UANLeer 2023,"Mar 25, 2023",,,,185,0
gXFMqu2F5dQ,"Viviendo Entre Montañas EP5 ""Correr para vivir"" - Pepe Leal","Dec 19, 2022",,,,187,0
g_wh0AU6-TY,EP.1 “Orgullo Lésbico” con Mildred Rosales | Voces a Colores,"Jul 1, 2023",,,,345,0
gwc9VR47DzY,Viviendo Entre Montañas EP12 “Montaña y Deporte: ¿Quién lo regula?” – José Alberto Coronado,"Apr 10, 2023",,,,209,0
gxSPPdVwmDA,"""Arte en tiempos de delincuencia"" #foryou #podcast #entrevista #arte #shorts #viral","Feb 2, 2024",,,,26,0
gzxVLIoIFq0,"Pateando Micrófonos EP7 ""El Último Crack"" - Charlie Talancón","Jan 23, 2023",,,,161,0
j7TfCDpKJFc,¿Y si me va mal? #podcast #foryou #viral #shorts #cocina,"Dec 14, 2023",,,,31,0
jhvJ3lQ7Rus,MasterChef te Consume,"Jul 12, 2023",,,,50,0
lF8e6iBtl7M,"""Ya no sentí buenas vibras"" #viral #podcast #entrevista #foryou #parati #chisme #shortvideo","Apr 3, 2024",,,,109,0
lbPPTsVDzgc,"Arte Prohibido con el ""Joker"" - Julio González D'Influencers EP25","Sep 18, 2023",,,,570,0
mS4gnFCoP8Q,Dinosaurios reales ¿Se Mueven en la Noche? NL Relajo #12T2 con Clauudea,"Mar 18, 2024",,,,2743,0
msku_TP9bz4,EP.5 “Orgullo Queer” con Hugo Arturo | Voces a Colores,"Jul 14, 2023",,,,394,0
ov6-UkZlVOE,"DE LO MÁS NORMAL EP3 ""Amistades: Solteras vs Divorciadas"" - Eva Nava","May 8, 2023",,,,301,0
p7OB8oYwF6A,El Hombre de la camisa roja #Terror #miedo #paranormal,"Oct 31, 2023",,,,93,0
pOl4EM4JK10,Confía siempre en un profesional para tus terapias. #DLMN #psicologia #hipnosis #viral,"Nov 4, 2023",,,,27,0
pysaDKY3nqk,EP.8 “Más+ Orgullo” con Alan Linkz | Voces a Colores,"Aug 5, 2023",,,,422,0
qCcmzAmHB3M,"""Nunca esperes nada de nadie"" -Elsy Viscarra #foryou #podcast #podcastemprendimiento #viral #shorts","Jan 10, 2024",,,,22,0
qDrn4G5bAlU,El Whatsapp de antes #foryou #amor #short,"Dec 12, 2023",,,,25,0
qLU_pmrSeWs,"D'Influencers EP12 ""Explorando lo Paranormal/Urbex"" - Ulises Basskez","Mar 20, 2023",,,,211,0
qtMdos9TarI,Tu Fuerza al Límite: Primer Aniversario de Emotion Studio con Ale Rubio Kristina Girod y Clauudea,"Jun 3, 2023",,,,285,0
rGRO2U-P-24,NL Relajo Cap. 8 - Wakanda Forever ⚔,"Nov 16, 2022",,,,167,0
rhCEh6yb1vw,"""Me corrieron y se copiaron mis paquetes"" -Cecy García  #foryou #podcast #shorts #viral #bodas","Jan 16, 2024",,,,27,0
s1FvrPt6f3g,"""Padre Amamanta a su Bebé y Desafía a la Sociedad"" - Chava Rax EP.11 DE LO MÁS NORMAL","Sep 22, 2023",,,,648,0
sNkwP7omVgw,EP.6 “Más+ Orgullo” con Edie Blue | Voces a Colores,"Jul 18, 2023",,,,404,0
tSnt57OCmSM,"DE LO MÁS NORMAL EP9 ""Celos, Gritos y Control: Peligrosas Relaciones Tóxicas"" - Clara Valles","Aug 21, 2023",,,,481,0
tqdN2J4goEQ,"""El dominio masculino en el mundo del mezcal"" #foryou #podcast #podcastemprendimiento #shorts #viral","Jan 13, 2024",,,,15,0
txn93nVnUGw,"""Hay que aceptar los gustos de los demás"" #foryou #podcast #entrevista #shorts #viral #discapacidad","Jan 31, 2024",,,,21,0
uAW3CNXkghU,D'Influencers EP16 “Enamorada del Amor” - Ana Cirré,"May 15, 2023",,,,246,0
uIGMvNl28vU,"Calor, Aroma y Sabor: Corredor Gastronómico #NLRelajo24 con Clauudea ''La Pana''","Jul 8, 2023",,,,398,0
usdsm26vScc,El origen de la palabra Farfalla. #Drag #maquillaje #pride,"Aug 11, 2023",,,,41,0
vzT1CWKOf14,"""Los dos fuimos tóxicos"" #foryou #podcast #relaciones #entrevista #shorts #viral #toxic","Feb 7, 2024",,,,27,0
w4HEBlk83VU,"D'Influencers EP7 ""Más que un Actor""- Renán Moreno","Jan 16, 2023",,,,182,0
wXr7w6E06DU,NOSOTRAS PODEMOS EP5 “Psiconutrición: Alimenta Mente y Cuerpo”- JAKY ALVARADO,"Dec 28, 2022",,,,177,0
wYPnhXQgmL4,"D'Influencers EP21 ""El Arte del Drag"" - Rebel Mörk","Jul 24, 2023",,,,427,0
wwfWSqdRGwU,"""Tuve que lidiar con muchas cosas en#bigbrother "" #podcast #entrevista #platica #reality #show","Mar 22, 2024",,,,45,0
wy5Z8Kl8Xhg,"D'Influencers EP4 ""Entregado al Público y al Entretenimiento"" - Armando Araiza","Nov 28, 2022",,,,175,0
xkBrGcA3PCw,"""La dieta no es solo lechuga"" #viral #podcast #nutricion #shorts #parati #diet","Feb 25, 2024",,,,33,0
ynBa08Tsh5M,"NOSOTRAS PODEMOS EP12 ""Dos consejos: sé fuerte y haz franquicias"" - Samira Sánchez","Apr 12, 2023",,,,218,0
z3qpwBwtUGM,"""Las reglas Jordan"" #viral #podcast #podcastmexico #entrevista #foryou #pistons #baloncesto","Mar 21, 2024",,,,54,0
zmBqDvpCsrU,"""Me sentía insuficiente"" #viral #podcast #entrevista #foryou #negocios #shortvideo #experiencias","Mar 11, 2024",,,,24,0
