Contenido,Título del vídeo,Category ,Format,,Type of content ,,Visualizaciones,Tiempo de visualización (horas),Suscriptores,Ingresos estimados (USD),Impresiones,Porcentaje de clics de las impresiones (%),Retencion ,Fecha,Dia publicacion,Month of publication
8z-UaDZMM-s,Viviendo Entre Montañas EP1 “Cañonismo Extremo: Un Peligro Que Apasiona” – Danny Cantu.,Culture,Episodic,1,long,1,27,0.4,1,0,164,14.63,0.01481481481,24/10/2022,Monday,10
CGrBSqz5tBw,Pateando Micrófonos EP1 “El Legado del Deporte” – Oscar Morales.,Sports,Episodic,1,long,1,4,0,0,0,214,1.87,0,26/10/2022,Wednesday,10
A-H_YnT9hB0,D' Influencers EP2 “El Rey del Tatuaje” – Cesar “Ritual”,Entertainment,Episodic,1,long,1,1,0,0,0,194,0.52,0,01/11/2022,Tuesday,11
1KrHuhpT_II,NL Relajo Cap. 6 - Especial de Halloween ,Entertainment,Episodic,1,long,1,5,0,0,0,197,1.02,0,02/11/2022,Wednesday,11
9jsC8tFq7nA,"Nosotras Podemos EP2 ""El Crecimiento es un Arduo Proceso"" - Mayra Sotero",Education,Episodic,1,long,1,2,0,0,0,186,0,0,02/11/2022,Wednesday,11
SAohkD0Q4kY,NL Relajo Cap. 7 - Encabritados Fest 2022 ,Entertainment,Episodic,1,long,1,0,0,0,0,191,0,0,04/11/2022,Friday,11
3PA-JFuxfic,"Viviendo Entre Montañas EP2 ""La Estanzuela: Revelando sus Secretos""",Environment,Episodic,1,long,1,2,0,0,0,179,1.12,0,07/11/2022,Monday,11
NOVHsB1Vbt0,"Pateando Micrófonos EP2 ""Entrenar no es un Juego"" - Roberto Medina",Sports,Episodic,1,long,1,1,0,0,0,157,0.64,0,09/11/2022,Wednesday,11
pIU_NtJFnCs,"D'Influencers EP3 ""Una Mujer De Oro"" - Adriana Macías",Environment,Episodic,1,long,1,2,0,0,0,203,0,0,14/11/2022,Monday,11
qW2XkjhrA5Q,"Viviendo Entre Montañas EP3 Potrero Chico: ""Escalando Sueños"" - Francisco Contreras",Education,Episodic,1,long,1,2,0.1,0,0,171,0.58,0.05,16/11/2022,Wednesday,11
rGRO2U-P-24,NL Relajo Cap. 8 - Wakanda Forever ⚔,Entertainment,Episodic,1,long,1,0,0,0,0,167,0,0,16/11/2022,Wednesday,11
WaERScU79OE,"Pateando Micrófonos EP3 ""Capturando Leyendas"" - Sin Guerrero",Sports,Episodic,1,long,1,0,0,0,0,146,0,0,21/11/2022,Monday,11
OOPrrAUORYY,Nosotras Podemos EP3 - #MUJER,Education,Episodic,1,long,1,0,0,0,0,144,0,0,26/11/2022,Saturday,11
wy5Z8Kl8Xhg,"D'Influencers EP4 ""Entregado al Público y al Entretenimiento"" - Armando Araiza",Entertainment,Episodic,1,long,1,0,0,0,0,175,0,0,28/11/2022,Monday,11
0Z8vGPSQSRg,NL Relajo Cap. 9 - La Conve 2022,Culture,Episodic,1,long,1,0,0,0,0,154,0,0,30/11/2022,Wednesday,11
glPhoqVgoUY,"Viviendo Entre Montañas EP4 ""Cuidemos nuestro hogar"" - Zuleima Rincón",Environment,Episodic,1,long,1,4,0,0,0,160,0,0,05/12/2022,Monday,12
Vi5QI8I6yzo,"Pateando Micrófonos EP4 ""El Secreto para Ganar en la F1"" - César Tiberio Jiménez",Sports,Episodic,1,long,1,0,0,0,0,180,0,0,08/12/2022,Thursday,12
T-3_kkZliTE,NL Relajo Cap. 10 - Coca-Cola Flow Fest 2022,Entertainment,Episodic,1,long,1,0,0,0,0,147,0,0,10/12/2022,Saturday,12
Wrec4D1tei8,"D´Influencers EP5 ¨Emblema, Símbolo y Teatro¨ - Nena Delgado",Culture,Episodic,1,long,1,0,0,0,0,154,0,0,12/12/2022,Monday,12
OMhWC8jrtwA,"NOSOTRAS PODEMOS EP4 ""La Belleza una Fortaleza"" - Laura López",Education,Episodic,1,long,1,1,0,0,0,160,0,0,14/12/2022,Wednesday,12
gXFMqu2F5dQ,"Viviendo Entre Montañas EP5 ""Correr para vivir"" - Pepe Leal",Health/well-being,Episodic,1,long,1,0,0,0,0,187,0,0,19/12/2022,Monday,12
LuKD8j0NzTA,֢NL Relajo Cap. 11 - Especial de Navidad,Culture,Episodic,1,long,1,0,0,0,0,152,0,0,24/12/2022,Saturday,12
58N0_reRaR8,Pateando Micrófonos EP5 “De Capitán a Campeón” - Mauricio Martínez,Sports,Episodic,1,long,1,0,0,0,0,162,0,0,27/12/2022,Tuesday,12
wXr7w6E06DU,NOSOTRAS PODEMOS EP5 “Psiconutrición: Alimenta Mente y Cuerpo”- JAKY ALVARADO,Health/well-being,Episodic,1,long,1,0,0,0,0,177,0,0,28/12/2022,Wednesday,12
gCW6V6tx_vU,"D'Influencers EP6 ""La Voz que Resuena"" - Gregorio Bernal",Culture,Episodic,1,long,1,4,0,0,0,168,0,0,02/01/2023,Monday,1
969OLT1y3Ug,"Viviendo Entre Montañas EP6 ""Escalar: Deporte Mental"" - Karla Moya",Sports,Episodic,1,long,1,1,0,0,0,168,0.6,0,05/01/2023,Thursday,1
5uMpj-yHge8,NL Relajo Cap. 12 - Van Gogh The Immersive Experience,Culture,Episodic,1,long,1,3,0,0,0,159,0.63,0,07/01/2023,Saturday,1
SqdvxztOCtc,"Pateando Micrófonos EP6 ""De Ballboy a Tenista Internacional"" - Alfonso “Chiquirringo” González",Sports,Episodic,1,long,1,0,0,0,0,155,0,0,09/01/2023,Monday,1
GrQSfcQtC0U,"NOSOTRAS PODEMOS EP6 ""Nunca des el 100"" - Mónica Aranda",Education,Episodic,1,long,1,3,0,0,0,170,0,0,11/01/2023,Wednesday,1
w4HEBlk83VU,"D'Influencers EP7 ""Más que un Actor""- Renán Moreno",Entertainment,Episodic,1,long,1,0,0,0,0,182,0,0,16/01/2023,Monday,1
3QvkrmFbuno,"Viviendo Entre Montañas EP7 ""Escalando Fronteras"" - Asael Ávila",Culture,Episodic,1,long,1,0,0,0,0,169,0,0,18/01/2023,Wednesday,1
gzxVLIoIFq0,"Pateando Micrófonos EP7 ""El Último Crack"" - Charlie Talancón",Sports,Episodic,1,long,1,0,0,0,0,161,0,0,23/01/2023,Monday,1
q4lAYZip2IM,"NOSOTRAS PODEMOS EP7 ""Salud mental y espiritual: clave para triunfar"" - Irene Galop",Health/Well-being,Episodic,1,long,1,3,0.7,0,0,194,1.03,0.2333333333,25/01/2023,Wednesday,1
CvOoiWQa6p4,NL Relajo Cap. 13 - Mercado de Abastos Estrella,Culture,Episodic,1,long,1,76,5.4,0,0,1461,3.9,0.07105263158,28/01/2023,Saturday,1
UKgQ_i0phhU,"D'Influencers EP8 ""Cocinando Éxitos"" - Fernando Puente",Entertainment,Episodic,1,long,1,0,0,0,0,171,0,0,30/01/2023,Monday,1
HRKcRDK0N44,"Viviendo Entre Montañas EP8 ""El Sueño que se volvió Récord"" - Fernando Villatoro",Culture,Episodic,1,long,1,0,0,0,0,170,0,0,01/02/2023,Wednesday,2
dhLl93LndXY,"NOSOTRAS PODEMOS EP8 ""El Show Debe Continuar"" - Angye Castro",Education,Episodic,1,long,1,0,0,0,0,168,0,0,08/02/2023,Wednesday,2
ktve_dx07TE,D'Influencers EP9 “La Magia del Retrato” - Lazaro Casas,Culture,Episodic,1,long,1,3,0.3,0,0,180,0.56,0.1,13/02/2023,Monday,2
UcJh5OFIyoA,"Viviendo Entre Montañas EP9 ""Sube a la Cima y Deja el Ego Abajo"" - Paul Vera",Education,Episodic,1,long,1,0,0,0,0,175,0,0,15/02/2023,Wednesday,2
09TwDbT8ARg,D'Influencers EP10 “El Precio de la Fama” - Aleks Syntek,Entertainment,Episodic,1,long,1,0,0,0,0,168,0,0,20/02/2023,Monday,2
QY4KbwzjSHc,"Pateando Micrófonos EP8 ""Quien Dice que Juega al Límite, es Porque lo Tiene - Enoc Carranco",Sports,Episodic,1,long,1,3,0.001,0,0,194,1.55,0.0003333333333,24/02/2023,Friday,2
xmdqYMQcZGs,NL Relajo Cap. 14 - San Valentin con Desprecio ft Cafe Iguana,Health/Well-being,Episodic,1,long,1,2,0,0,0,214,0.93,0,25/02/2023,Saturday,2
nZiGrBc2fs4,"NOSOTRAS PODEMOS EP9 ""El Lado Dulce del Emprendimiento"" - Fanny Contreras",Education,Episodic,1,long,1,1,0,0,0,207,0.48,0,28/02/2023,Tuesday,2
foBoFb8d5UY,"Viviendo Entre Montañas EP10 ""La Voz de la Experiencia"" - Juan Guzmán",Education,Episodic,1,long,1,1,0.3,0,0,182,0,0.3,01/03/2023,Wednesday,3
5AebNsLL8EE,NL Relajo Cap. 15 - Zombie Fest 2023 Mty,Health/Well-being,Episodic,1,long,1,1,0,0,0,182,0.55,0,04/03/2023,Saturday,3
wH1DwV9ULa8,D'Influencers EP11 El Emblemático Café Iguana,Culture,Episodic,1,long,1,4,0.8,0,0,209,1.44,0.2,06/03/2023,Monday,3
B-WbM9gBGjE,"Pateando Micrófonos EP9 ""Alistando Flechas"" - Jesús Zavala",Entertainment,Episodic,1,long,1,1,0,0,0,183,0.55,0,09/03/2023,Thursday,3
-gJn0CByukE,NL Relajo Cap. 16 - NL Relajo con Ellas Especial 8M,Culture,Episodic,1,long,1,0,0,0,0,180,0,0,13/03/2023,Monday,3
eNgV8tphy-s,"NOSOTRAS PODEMOS EP10 ""Organizadora de Sueños"" - Cecy García",Education,Episodic,1,long,1,0,0,0,0,182,0,0,15/03/2023,Wednesday,3
qLU_pmrSeWs,"D'Influencers EP12 ""Explorando lo Paranormal/Urbex"" - Ulises Basskez",Culture,Episodic,1,long,1,0,0,0,0,211,0,0,20/03/2023,Monday,3
elZt9ZwgDYs,NL Relajo Cap. 17 - UANLeer 2023,Education,Episodic,1,long,1,0,0,0,0,185,0,0,25/03/2023,Saturday,3
M5Q6yv-_kwY,"Viviendo entre Montañas EP11 ""Rodando en la Montaña"" - Esteban Rodríguez",Education,Episodic,1,long,1,0,0,0,0,195,0,0,29/03/2023,Wednesday,3
t3prxGAg-9E,"EP11 ""Hablemos de Finanzas sin Miedo"" - Nosotras Podemos con Melina Sepúlveda",Education,Episodic,1,long,1,1,0.01,0,0,199,0.5,0.01,01/04/2023,Saturday,4
dd0Ab_TJpKw,"D'Influencers EP13 ""El Despertar de la Cumbia"" - La Morocha",Culture,Episodic,1,long,1,3,0.2,0,0,195,0.51,0.06666666667,03/04/2023,Monday,4
7lSz2MsVag8,La raza opina sobre la edición #PalNorte2023 | NL Relajo #18 con Clauudea ''La Pana'',News,Unique,0,long,1,1,0,0,0,238,0.42,0,05/04/2023,Wednesday,4
7kB-DijVLwY,"DE LO MÁS NORMAL EP1 ""Amor Tóxico del Alma"" - Claudia Novelo",Health/Well-being,Episodic,1,long,1,9,0,0,0,230,0.43,0,07/04/2023,Friday,4
gwc9VR47DzY,Viviendo Entre Montañas EP12 “Montaña y Deporte: ¿Quién lo regula?” – José Alberto Coronado,Education,Episodic,1,long,1,0,0,0,0,209,0,0,10/04/2023,Monday,4
ynBa08Tsh5M,"NOSOTRAS PODEMOS EP12 ""Dos consejos: sé fuerte y haz franquicias"" - Samira Sánchez",Education,Episodic,1,long,1,0,0,0,0,218,0,0,12/04/2023,Wednesday,4
9jCvEvR_CEE,La Experiencia en Cinemas Raly NL Relajo#19 con Clauudea ''La Pana'',Entertainment,Unique,0,long,1,2,0.2,0,0,248,0.81,0.1,14/04/2023,Friday,4
-H9cve8xwAk,"D'Influencers EP14 ""Pura Calle"" con W. Corona",Culture,Episodic,1,long,1,3,0.5,0,0,218,0.46,0.1666666667,17/04/2023,Monday,4
c2GahwtTjgc,"EP10 ""La Revolución del Fútbol Femenil""- Sofía Ochoa Pateando Micrófonos",Sports,Episodic,1,long,1,1,0,0,0,232,0.43,0,20/04/2023,Thursday,4
Bw0GuMvIMg0,"DE LO MÁS NORMAL EP2 ""El Éxito es Mental"" - Elsy Vizcarra",Education,Episodic,1,long,1,1,0,0,0,239,0,0,21/04/2023,Friday,4
MHnecQgiBeA,Viviendo Entre Montañas EP13 “El Berseker de la Montaña” – Erick García,Gossip,Episodic,1,long,1,2,0.1,0,0,243,0,0.05,24/04/2023,Monday,4
t7B9Eoy08uA,"NOSOTRAS PODEMOS EP13 ""Vuela Soñando, Aterriza Emprendiendo"" - Nelda Méndez",Education,Episodic,1,long,1,1,0.023,0,0,228,0,0.023,26/04/2023,Wednesday,4
qCUI31yiOzI,"D'Influencers EP15 ""El Amor en Tiempos Modernos"" - EL Pela Romero",Culture,Episodic,1,long,1,12,1.9,0,0,335,1.49,0.1583333333,02/05/2023,Tuesday,5
9bLILueXu6A,Una Aventura Gastronómica y de Moda en el Mercado de la Florida #NLRelajo20 con Clauudea ''La Pana'',Culture,Unique,0,long,1,1,0,0,0,266,0.38,0,05/05/2023,Friday,5
ov6-UkZlVOE,"DE LO MÁS NORMAL EP3 ""Amistades: Solteras vs Divorciadas"" - Eva Nava",Culture,Episodic,1,long,1,0,0,0,0,301,0,0,08/05/2023,Monday,5
uAW3CNXkghU,D'Influencers EP16 “Enamorada del Amor” - Ana Cirré,Entertainment,Episodic,1,long,1,0,0,0,0,246,0,0,15/05/2023,Monday,5
QkGIuB-fllY,Aventura Jurásica: Explorando el mundo de Nuevolandia #NLRelajo21 con Clauudea ''La Pana'',Education,Unique,0,long,1,0,0,0,0,259,0,0,19/05/2023,Friday,5
-3_fehYG2c0,"“Alcancé el Éxito en mi Carrera, pero no Era Feliz” - EP14 NOSOTRAS PODEMOS - Rocio Herrera.",Culture,Episodic,1,long,1,1,0.005,0,0,257,0.39,0.005,24/05/2023,Wednesday,5
cbIfStcl2WM,"DE LO MÁS NORMAL EP4 ""El Diagnóstico: ¿Comienzo o Final?"" - Issa Ross",Gossip,Episodic,1,long,1,2,0,0,0,349,0.57,0,26/05/2023,Friday,5
E6dQuI69x_I,"D'Influencers EP17 ""Cirugía Plástica: Esculpiendo el Autoestima"" - Dr. Hugo De León",Health/Well-being,Episodic,1,long,1,6,1.1,0,0,439,1.14,0.1833333333,29/05/2023,Monday,5
qtMdos9TarI,Tu Fuerza al Límite: Primer Aniversario de Emotion Studio con Ale Rubio Kristina Girod y Clauudea,Health/well-being,Unique,0,long,1,0,0,0,0,285,0,0,03/06/2023,Saturday,6
mbdGGeeVvCs,Relajo NL Lanzamiento de La Marca Destino Nuevo León con Clauudea ''La Pana'',Culture,Unique,0,long,1,2,0.1,0,0,290,0.34,0.05,06/06/2023,Tuesday,6
8NcMuGdMFIc,"“Mexicana Conquista España con Educación Financiera para Niños”- EP15 NOSOTRAS PODEMOS -Paola ArjonaJun 7, 2023",Education,Episodic,1,long,1,0,0,0,0,285,0,0,07/06/2023,Wednesday,6
bEMSUdNs6_M,"DE LO MÁS NORMAL EP5 ""Cirugías Bariátricas"" - Sthephany Cantú",Health/Well-being,Episodic,1,long,1,1,0,0,0,363,0.28,0,10/06/2023,Saturday,6
GOgIhYMlsGk,"D'Influencers EP18 ""NSQK: ""La Nueva Promesa Emergente de la Música Mexicana""",Culture,Episodic,1,long,1,9,0.6,0,0,311,0,0.06666666667,14/06/2023,Wednesday,6
G9M6VvH_N3g,y tu quien eres loop,Entertainment,Unique,0,long,1,1,0,0,0,292,0.34,0,15/06/2023,Thursday,6
1pRUMx6TBIE,"""Detrás del Arcoíris"" - EP16 NOSOTRAS PODEMOS - Daniel Niño y Etto Santana",Culture,Episodic,1,long,1,1,0,0,0,303,0.33,0,21/06/2023,Wednesday,6
DHTPfh4gkeM,"""La Ruta Madre: El Desafío más completo"" - EP14 VIVIENDO ENTRE MONTAÑAS - JAVIER BARREDA",Sports,Episodic,1,long,1,3,0.6,0,0,328,0.3,0.2,22/06/2023,Thursday,6
fTNXHtI3NFU,"DE LO MÁS NORMAL EP6 ""La otra cara de la educación inclusiva"" - Ivón Ventura & Tania Flores",Interviews,Episodic,1,long,1,2,0.1,0,0,331,0.3,0.05,23/06/2023,Friday,6
C_7tOQcFUOY,"PRIDE 2023: ""Celebrando en la Marcha de la Diversidad"" NL Relajo con Clauudea",Culture,Unique,0,long,1,0,0,0,0,319,0,0,23/06/2023,Friday,6
yOxeqBYNwvk,TEASER: VOCES A COLORES,Culture,Unique,0,long,1,3,0,0,0,323,0.93,0,26/06/2023,Monday,6
txE2ys7HNAE,"D'Influencers EP19 ""La Historia Detrás de un Himno"" - Vivir Quintana",Entertainment,Episodic,1,long,1,2,0,0,0,359,0.28,0,26/06/2023,Monday,6
g_wh0AU6-TY,EP.1 “Orgullo Lésbico” con Mildred Rosales | Voces a Colores,Interviews,Episodic,1,long,1,0,0,0,0,345,0,0,01/07/2023,Saturday,7
6PtqLsdjYrA,"¿Cómo surgió ""Canción sin Miedo""?",Culture,Unique,0,long,1,2,0,0,0,73,0,0,03/07/2023,Monday,7
981F9S8HFZs,EP.2 “Orgullo Gay” con Fer Sierra | Voces a Colores,Interviews,Episodic,1,long,1,1,0.1,0,0,345,0.29,0.1,03/07/2023,Monday,7
mEfHybQS3jE,Creando el Mezcal Perfecto - EP17 NOSOTRAS PODEMOS - Ana Rodríguez,Culture,Episodic,1,long,1,2,0,0,0,357,0.28,0,05/07/2023,Wednesday,7
NfZ0pkXfrb8,EP.3 “Orgullo Bisexual” con Angel Reyes | Voces a Colores,Gossip,Episodic,1,long,1,1,0,0,0,367,0.27,0,05/07/2023,Wednesday,7
kzyzcGrfF1g,¡Disfruta el Episodio 1 De Voces a Colores ya disponible en nuestro canal!,Culture,Unique,0,long,1,1,0.002,0,0,44,2.27,0.002,05/07/2023,Wednesday,7
9_f7Eg9BjvM,¿Cómo ser más inclusivos? Ep. 2 de Voces A Colores Ya Disponible,Education,Unique,0,long,1,0,0,0,0,24,0,0,05/07/2023,Wednesday,7
35n0W2koVic,¿A quien le creo? Autismo. De Lo Mas Normal. Podcast,Education,Unique,0,long,1,2,0,0,0,68,0,0,07/07/2023,Friday,7
tXxK1ayIR58,EP.4 “Orgullo Trans” con Sofía Bazurto | Voces a Colores,Interviews,Episodic,1,long,1,1,0,0,0,369,0,0,07/07/2023,Friday,7
QaNBGgj9vO0,"¡Ya disponible el episodio 3 de Voces a Colores, ""Orgullo Bisexual"" En Nuestro Canal!",Culture,Unique,0,long,1,9,0.1,0,0,126,3.97,0.01111111111,08/07/2023,Saturday,7
uIGMvNl28vU,"Calor, Aroma y Sabor: Corredor Gastronómico #NLRelajo24 con Clauudea ''La Pana''",Culture,Unique,0,long,1,0,0,0,0,398,0,0,08/07/2023,Saturday,7
A3xLL3MRMJw,"D'Influencers EP20 ""Del Fogón a la Fama: La Cocina de un MasterChef"" - Carlos Leal",Entertainment,Episodic,1,long,1,2,0.1,0,0,376,0.27,0.05,10/07/2023,Monday,7
SJqoX090d9M,"Ep 7 DLMN Padres presentes, adolescentes preparados Laura Villarreal Master",Education,Episodic,1,long,1,0,0,0,0,12,0,0,11/07/2023,NaN,7
jhvJ3lQ7Rus,MasterChef te Consume,Entertainment,Unique,0,long,1,0,0,0,0,50,0,0,12/07/2023,Wednesday,7
g277HQmLKpc,"DE LO MÁS NORMAL EP. 7 ""Padres Presentes, Adolescentes Preparados"" - Laura Villarreal",Education,Episodic,1,long,1,1,0.1,0,0,390,0.26,0.1,13/07/2023,Thursday,7
msku_TP9bz4,EP.5 “Orgullo Queer” con Hugo Arturo | Voces a Colores,Interviews,Episodic,1,long,1,0,0,0,0,394,0,0,14/07/2023,Friday,7
DzlqbuRR0j4,Hugo Arturo nos explica en qué se diferencia un queer del resto de la diversidad LGBTQ+,Education,Unique,0,long,1,5,0,0,0,140,1.43,0,15/07/2023,Saturday,7
Tgso0XNVEUk,Tiktok hipers*xualiza a los niños,Culture,Unique,0,long,1,1,0,0,0,67,0,0,16/07/2023,Sunday,7
sNkwP7omVgw,EP.6 “Más+ Orgullo” con Edie Blue | Voces a Colores,Culture,Episodic,1,long,1,0,0,0,0,404,0,0,18/07/2023,Tuesday,7
YG2mO7K6YOw,EP.7 “Más+ Orgullo” con Farfalla | Voces a Colores,Gossip,Episodic,1,long,1,2,0,0,0,409,0,0,20/07/2023,Thursday,7
wYPnhXQgmL4,"D'Influencers EP21 ""El Arte del Drag"" - Rebel Mörk",Culture,Episodic,1,long,1,0,0,0,0,427,0,0,24/07/2023,Monday,7
_Fb3WbVftIQ,Sal de tu capullo - Voces a colores,Education,Unique,0,long,1,0,0,0,0,45,0,0,25/07/2023,Tuesday,7
9_pfqHmqEm0,Contra corriente: Demuestra que vas en serio.,Education,Unique,0,long,1,0,0,0,0,24,0,0,25/07/2023,Tuesday,7
jyWqiN3I0PQ,La Revolución de los Corridos Tumbados.,Culture,Unique,0,long,1,4,0.1,0,0,116,3.45,0.025,26/07/2023,Wednesday,7
jJ1zPk-VDAw,Barbie Rompe Record,Entertainment,Unique,0,long,1,1,0,0,0,21,4.76,0,26/07/2023,Wednesday,7
NIE142u1JoE,"¿Y TÚ QUIÉN ERES? EP1 ""Arte Escrito: Acción Poética, Pintura en la Cuidad"" - Armando Alanís",Culture,Episodic,1,long,1,13,0.6,0,0,467,0.64,0.04615384615,27/07/2023,Thursday,7
vlFFSotDg4s,Demuestra lo fuerte que eres. #fitness #mujeres #ejercicio,Health/Well-being,Unique,0,long,1,0,0,0,0,43,0,0,01/08/2023,Tuesday,8
lgeogsfbxk8,El origen de la palabra 'Drag'. #foryou #pride #shorts #viral #drag,Culture,Unique,0,short,0,0,0,0,0,55,0,0,03/08/2023,Thursday,8
,El estancamiento ideológico es una realidad que afecta a los niños. #pride #shorts #viral #drag,Sports,Unique,0,short,0,2,0,0,0,25,8,0,04/08/2023,Friday,8
LVz1gJ8OjN8,Edie Blue comparte los problemas de la comunidad LGBTQ+ #foryou #pride #shorts #viral #nobinario,Culture,Unique,0,short,0,0,0,0,0,17,0,0,05/08/2023,Saturday,8
pysaDKY3nqk,EP.8 “Más+ Orgullo” con Alan Linkz | Voces a Colores,Culture,Episodic,1,long,1,0,0,0,0,422,0,0,05/08/2023,Saturday,8
Np7QbvGndP8,Las mamás a veces pueden no percatarse de la homosexualidad de sus hijos. #Gay #shorts #viral,Culture,Unique,0,short,0,12,0.1,0,0,221,2.71,0.008333333333,06/08/2023,Sunday,8
v-0VyjO5d6c,"D'Influencers EP22 ""Extraordinaria: ""Cazadora de OVNIS, Manager y Mamá de Tatiana""-Diana Perla Chapa",Entertainment,Episodic,1,long,1,650,150.6,1,0,8037,5.34,0.2316923077,07/08/2023,Monday,8
6dhT2O3w-60,El lugar más seguro #pandemia #niños #saludmental #redessociales #viral,Health/Well-being,Unique,0,long,1,0,0,0,0,14,0,0,07/08/2023,Monday,8
FnAJInq9Mxw,¿Atreverse a hacer Drag? #drag #gay #lgbt #makeup,Culture,Unique,0,long,1,1,0,0,0,58,1.72,0,08/08/2023,Tuesday,8
ow0fbovDWQc,"DE LO MÁS NORMAL EP8 ""Citas Digitales: Navegando Encuentros"" - Vero Cadena",Education,Episodic,1,long,1,1,0,0,0,483,0.21,0,08/08/2023,Tuesday,8
isiSFstEibw,Historias en el Cine Rally MTY #historias #cinema #blog #viral,Entertainment,Unique,0,long,1,10,0.1,0,0,186,3.76,0.01,09/08/2023,Wednesday,8
OR4tgEhPjHc,“Revelando el Asombroso Mundo de los Parrilleros” - ¿Y TÚ QUIÉN ERES? EP2 | Alejandro Gutiérrez,Culture,Episodic,1,long,1,4,1.272,0,0,519,0.77,0.318,10/08/2023,Thursday,8
F5_-rY8-uIk,La Escena Drag en Monterrey. #drag #rebelmork #monterrey,Culture,Unique,0,long,1,0,0,0,0,46,0,0,10/08/2023,Thursday,8
usdsm26vScc,El origen de la palabra Farfalla. #Drag #maquillaje #pride,Culture,Unique,0,long,1,0,0,0,0,41,0,0,11/08/2023,Friday,8
qVk_ddQqmH4,¿Qué es una persona no binaria? #lgbt #pride #orgullo #viral,Culture,Unique,0,long,1,7,0.1,0,0,166,2.41,0.01428571429,12/08/2023,Saturday,8
LDaFNCP-xa4,Tu alter ego te rescata. #rebelmork #drag #lgbt #viral,Culture,Unique,0,long,1,0,0,0,0,55,0,0,13/08/2023,Sunday,8
dHtmjIjCjn0,Diana Perla Chapa nos cuenta su experiencia con los Ovnis. #viral #ovnis,Entertainment,Unique,0,long,1,772,10.4,5,0,9312,5.26,0.01347150259,16/08/2023,Wednesday,8
9v2U6zWS2Ps,"D'Influencers EP23 ""¡Revelaciones Escandalosas! Myriam Montemayor Destapa su Vida Sin Filtros""",Gossip,Episodic,1,long,1,25,7.9,0,0,932,1.18,0.316,21/08/2023,Monday,8
tSnt57OCmSM,"DE LO MÁS NORMAL EP9 ""Celos, Gritos y Control: Peligrosas Relaciones Tóxicas"" - Clara Valles",Health/well-being,Episodic,1,long,1,0,0,0,0,481,0,0,21/08/2023,Monday,8
-AfMhUyas-w,"¿Y TÚ QUIÉN ERES? EP3 ""El Primer Mexicano en la UFC"" - Goyito Pérez",Sports,Episodic,1,long,1,3,0.3,0,0,521,0.58,0.1,25/08/2023,Friday,8
iODmltRIozc,Dale Mixx 2023 NL Relajo con Clauudea ''La Pana'' Cobertura Exclusiva,Entertainment,Unique,0,long,1,147,10.6,0,0,1900,6.11,0.07210884354,30/08/2023,Wednesday,8
9WiV6qGl1tU,"""La Vida del Comediante: Depresión, Toxicidad y Risas"" - Ariel Manzano D'Influencers EP24",Health/Well-being,Episodic,1,long,1,39,7.9,0,0,826,2.3,0.2025641026,04/09/2023,Monday,9
96Cl9uB2Mm4,“¿Quieres Ganar un Grammy? Así se Logra”¿Y TÚ QUIÉN ERES? EP4 - Jair Alcalá,Education,Episodic,1,long,1,2,0,0,0,545,0.37,0,07/09/2023,Thursday,9
eicGabquukM,DE LO MÁS NORMAL EP10 “¿Hipnosis o Control Mental?: Aquí Toda la verdad“ - Clara Valles,Education,Episodic,1,long,1,4,0,0,0,558,0.18,0,09/09/2023,Saturday,9
lbPPTsVDzgc,"Arte Prohibido con el ""Joker"" - Julio González D'Influencers EP25",Culture,Episodic,1,long,1,0,0,0,0,570,0,0,18/09/2023,Monday,9
Vbfezukoii8,“El Próximo Campeón del Mundo” - Saúl Treviño ¿Y TÚ QUIÉN ERES? EP5,Sports,Episodic,1,long,1,3,0.005,0,0,589,0.34,0.001666666667,21/09/2023,Thursday,9
a-onvwy2_6U,¡Revelación Exclusiva! Integrantes de LMT Cuentan la Verdad - EP.1 Palomeando,Entertainment,Episodic,1,long,1,106,42.449,0,0,2484,3.3,0.4004622642,22/09/2023,Friday,9
s1FvrPt6f3g,"""Padre Amamanta a su Bebé y Desafía a la Sociedad"" - Chava Rax EP.11 DE LO MÁS NORMAL",Culture,Episodic,1,long,1,0,0,0,0,648,0,0,22/09/2023,Friday,9
Bf_7WSox6Es,"""Escándalos y Ambiciones de Fernando Lozano"" D’Influencers EP26",Gossip,Episodic,1,long,1,0,0,0,0,615,0,0,04/10/2023,Wednesday,10
82FF50fPeFM,"""¿Cómo Sobreviví al Cáncer?"" - Kike Guajardo ¿Y TÚ QUIÉN ERES? EP6",Health/Well-being,Episodic,1,long,1,11,1.2,0,0,1071,0.65,0.1090909091,05/10/2023,Thursday,10
sH1G2172lq0,El mayor riesgo de la hipnosis. #DLMN #psicologia #hipnosis #viral,Culture,Unique,0,long,1,2,0,0,0,24,0,0,05/10/2023,Thursday,10
b-o1mP_KF5w,"""Lucrando con el Odio"" - Karla Panini - EP.2 Palomeando",Gossip,Episodic,1,long,1,173,35.7,2,0,2954,3.69,0.2063583815,06/10/2023,Friday,10
Z34DEsztHA4,“Desde los 14 consumí drogas” #polivoces #famosos #viral #DInfluencers,Culture,Unique,0,long,1,6,0,0,0,143,0.7,0,06/10/2023,Friday,10
g1U-Et_vpY8,"""Karla nunca estuvo cerca de su familia"" #karlapanini #chisme #television #podcast",Gossip,Unique,0,long,1,29,0.3,0,0,373,1.61,0.01034482759,07/10/2023,Saturday,10
dOinx_2nMDc,Explorando el pueblo mágico de Santiago NL Relajo #1T2 con Clauudea,Culture,Unique,0,long,1,7,0.9,0,0,711,0.42,0.1285714286,09/10/2023,Monday,10
IdEePuLL-Vs,"""Contraté a mi mamá y fue difícil."" #Podcast #FernandoLozano #foryou",Education,Unique,0,long,1,11,0.124,0,0,137,5.84,0.01127272727,11/10/2023,Wednesday,10
htrzp4TIhBI,LMT nos cuenta lo desagradable que es trabajar con periodistas tóxicos #viral #podcast #foryou,Gossip,Unique,0,long,1,1,0,0,0,25,4,0,12/10/2023,Thursday,10
CoRhoH21IYA,"""Migración Forzada: Huir de Venezuela"" - Daniela de la Hoz EP.12 DE LO MÁS NORMAL",Politics,Episodic,1,long,1,6,0.6,0,0,716,0.84,0.1,13/10/2023,Friday,10
_DxLn64KhCs,La muerte de mi padre. #DInfluencers #foryou #monterrey,Culture,Unique,0,long,1,0,0,0,0,22,0,0,13/10/2023,Friday,10
xuSSkPy0RUo,"""El Regio que Ilustra para MARVEL y DC"" - Carlo Barberi ¿Y TÚ QUIÉN ERES? EP7",Culture,Episodic,1,long,1,3,0,0,0,706,0.14,0,19/10/2023,Thursday,10
Pf5UzLyQGEU,"""La Verdad Detrás de los Realitys"" - Rocío Cardenas - EP.3 Palomeando",Entertainment,Episodic,1,long,1,36,2.984,0,0,825,1.58,0.08288888889,20/10/2023,Friday,10
RqTtyw8g8_4,"Fabian te cuenta algunos datos sobre el nuevo disco de @badbunnypr #nadiesabeloquevaapasarmañana 鸞Oct 20, 2023",Entertainment,Unique,0,long,1,0,0,0,0,28,0,0,20/10/2023,Friday,10
1jT5O8ChmbA,"""Los esclavos de Santiago N.L."" #historia #monterrey #foryou",Culture,Unique,0,long,1,3,0,0,0,46,2.17,0,21/10/2023,Saturday,10
NxkNEaCHUik,"""Yo ilustre el logo de los Tigres"" #tigres #tigresuanl #monterrey #foryou",Culture,Unique,0,long,1,0,0,0,0,10,0,0,22/10/2023,Sunday,10
WuyPs6UFlMQ,Explorando canal de TV no creerás lo que escuchamos NL Relajo #2T2 con Clauudea & Urbex Xtremo,Culture,Unique,0,long,1,5,0.7,0,0,785,0.51,0.14,23/10/2023,Monday,10
GDU2hg2XeDE,"""El Autismo: ¿Limita la vida?"" |EP.13 - El Tono de Marcelo | DE LO MÁS NORMAL",Health/Well-being,Unique,0,long,1,3,0.1,0,0,688,0.29,0.03333333333,27/10/2023,Friday,10
p7OB8oYwF6A,El Hombre de la camisa roja #Terror #miedo #paranormal,Culture,Unique,0,long,1,0,0,0,0,93,0,0,31/10/2023,Tuesday,10
-ERrO7L1BDs,Experiencias Paranormales en Canal 28 #viral #terror #paranormal #miedo,Culture,Unique,0,long,1,0,0,0,0,36,0,0,01/11/2023,Wednesday,11
geyqOYyL1QE,“La Silla de Ruedas no me Define” - Ericka Rivera ¿Y TÚ QUIÉN ERES? EP8,Education,Episodic,1,long,1,5,0.4,0,0,746,0.4,0.08,02/11/2023,Thursday,11
i_5EVzlbZyI,Especial Día de Muertos en el Panteón del Carmen NL Relajo #3T2 con Clauudea,Culture,Unique,0,long,1,3,0.3,0,0,705,0.28,0.1,02/11/2023,Thursday,11
vtXCUuljJlA,Actividad Paranormal Captada en Canal de TV #foryou #miedo #terror #paranormal,Culture,Unique,0,long,1,2,0,0,0,33,0,0,02/11/2023,Thursday,11
U6yabXxybtA,“Dueño de Multimedios me Corrió y se Arrepintió” - Jesús Soltero - EP.4 Palomeando,Interviews,Episodic,1,long,1,345,66.8,1,0,6486,3.81,0.1936231884,03/11/2023,Friday,11
ScK1rzP9gyk,Las relaciones tóxicas #viral #foryou #relacionestóxicas,Health/well-being,Unique,0,long,1,0,0,0,0,8,0,0,03/11/2023,Friday,11
pOl4EM4JK10,Confía siempre en un profesional para tus terapias. #DLMN #psicologia #hipnosis #viral,Health/well-being,Unique,0,long,1,0,0,0,0,27,0,0,04/11/2023,Saturday,11
OTiEhdb4A4U,La experiencia de trabajar con Maria Julia. #foryou #podcast #monterrey,Interviews,Unique,0,long,1,0,0,0,0,99,0,0,05/11/2023,Sunday,11
ce9bBeHcxag,"""La Verdad de la Educación Montessori es ¿Buena o Mala?"" |EP14 Gaby Trejo | DE LO MÁS NORMAL",Education,Unique,0,long,1,6,0.1,0,0,750,0.13,0.01666666667,10/11/2023,Friday,11
M1rwZ3iyliM,"""El Trabajo más Odiado: Soy Árbitra de la FIFA"" - Carolina Briones ¿Y TÚ QUIÉN ERES? EP9",Education,Episodic,1,long,1,2,0,0,0,769,0.13,0,16/11/2023,Thursday,11
y1LrjlMjLAo,Detrás del Retiro de Emily - EP.5 Palomeando,Interviews,Episodic,1,long,1,170,34.5,0,0,3119,3.43,0.2029411765,17/11/2023,Friday,11
H4MgGReQIv8,ENCABRITADOS FESTIVAL 2023 NL Relajo #4T2 con Clauudea,Entertainment,Unique,0,long,1,4,0.1,0,0,823,0.49,0.025,22/11/2023,Wednesday,11
YMZsN9KdDHc,"""Alimentación Infantil: Niños Picky Eater"" |EP15 Laura Marchán |DE LO MÁS NORMAL",Health/Well-being,Unique,0,long,1,3,0.09,0,0,872,0.11,0.03,24/11/2023,Friday,11
wi1gupnA5Xg,Entrevista con Javier Blake NL Relajo #5T2 con Clauudea,Interviews,Unique,0,long,1,30,1.8,0,0,1287,1.55,0.06,30/11/2023,Thursday,11
Ac4EJLXSO8k,Marina: Secretos de una Animadora Infantil - EP.6 Palomeando,Entertainment,Episodic,1,long,1,141,26.6,0,0,2967,3.61,0.1886524823,01/12/2023,Friday,12
ZS9znuSdpk8,Teaser - Un Show - Freestyle,Entertainment,Unique,0,long,1,23,0.2,0,0,976,1.54,0.008695652174,08/12/2023,Friday,12
FKRzHn4_Dug,"¿AMAS LOS TACOS? Nuestra Experiencia en el #TacoFestMTY"" |Fabian y Mildret |Digital28nl",Entertainment,Unique,0,long,1,1,0,0,0,1038,0,0,08/12/2023,Friday,12
6O7sv3ZrnHg,Un Show con Diego y Roberto / EP 1 Freestyle,Entertainment,Episodic,1,long,1,3168,731.7,23,0.001,41106,4.04,0.2309659091,09/12/2023,Saturday,12
qDrn4G5bAlU,El Whatsapp de antes #foryou #amor #short,Culture,Unique,0,short,0,0,0,0,0,25,0,0,12/12/2023,Tuesday,12
1UkNL-eFy3g,Pude haber estado en Timbiriche #podcast #shorts #foryou #viral #armandoaraiza,Entertainment,Unique,0,short,0,0,0,0,0,25,0,0,13/12/2023,Wednesday,12
P5b_8xjb-4U,El momento en que empecé a hacer música profesionalmente. #podcast #foryou #música #nsqk #shorts,Entertainment,Unique,0,short,0,45,0.5,0,0,709,5.08,0.01111111111,14/12/2023,Thursday,12
j7TfCDpKJFc,¿Y si me va mal? #podcast #foryou #viral #shorts #cocina,Health/well-being,Unique,0,short,0,0,0,0,0,31,0,0,14/12/2023,Thursday,12
aJpVfM7cpnQ,PALOMEANDO #7 - Miguel Díaz “El Periodista más Polémico”,News,Unique,0,long,1,9,1.8,0,0,1250,0.56,0.2,15/12/2023,Friday,12
wed2sjdcIjE,Macro Navidad NL Relajo #6T2 con Clauudea,Culture,Unique,0,long,1,2,0,0,0,1099,0,0,15/12/2023,Friday,12
i4TeqLxxpqI,Un Show con Diego y Roberto / EP 2 Gaming,Technology,Episodic,1,long,1,3449,1024.6,10,0.006,43760,4.73,0.297071615,16/12/2023,Saturday,12
F6ylHB3MGYY,Lo difícil de las relaciones a larga distancia #foryou #podcast #viral #shorts #nsqk,Health/Well-being,Unique,0,short,0,12,0.1,0,0,224,2.23,0.008333333333,17/12/2023,Sunday,12
6M-DZca_EAg,"""No dejaban entrar a mi familia y fans"" #podcast #foryou #viral #laacademia",Entertainment,Unique,0,long,1,1,0,0,0,40,0,0,17/12/2023,Sunday,12
aqPdW-Nxqek,"""Lo difícil que fue salirme de trabajar para poner mi negocio"" #foryou #podcast #viral #shorts",Education,Unique,0,short,0,0,0,0,0,22,0,0,18/12/2023,Monday,12
Dw75iY5Xp5Q,"""Las palabras altisonantes venden"" #foryou #podcast #viral #entrevista #wcorona",Education,Unique,0,long,1,6,0.1,0,0,86,5.81,0.01666666667,19/12/2023,Tuesday,12
d5MNvY_RgS4,"""No hay lugar malo para tener un negocio"" #foryou #podcast #viral #entrevista #negocios",Education,Unique,0,long,1,0,0,0,0,41,0,0,21/12/2023,Thursday,12
P_sd6RB4GPI,Un Show con Diego y Roberto / EP 3 NFT,Technology,Episodic,1,long,1,3332,1040.8,9,0,38649,4.73,0.312364946,23/12/2023,Saturday,12
IziygOCzQTw,"""Me culparon por el fracaso de Gente Regia"" Arturo de la Garza PALOMEANDO EP.8",Entertainment,Episodic,1,long,1,33,1,0,0,1278,0.31,0.0303030303,29/12/2023,Friday,12
5ENYWLbBXRE,Un Show con Diego y Roberto / EP 4 Gastronomía,Culture,Episodic,1,long,1,5746,1843.1,19,0,83895,4.18,0.3207622694,30/12/2023,Saturday,12
aOMesF6Hvio,Un Show con Diego y Roberto / EP 5 Anime / Part. 1,Entertainment,Episodic,1,long,1,5888,1641.5,23,0,67583,5.32,0.2787873641,06/01/2024,Saturday,1
wfl6a8yzvXE,Un Show con Diego y Roberto / EP 5 Anime / Part. 2,Entertainment,Episodic,1,long,1,2299,346.4,2,0,15964,5.87,0.1506742062,06/01/2024,Saturday,1
Nc6a4CvP6fo,"Tradiciones que Perduran: Cantina ""El Progreso"" NL Relajo #7T2 con Clauudea",Culture,Unique,0,long,1,22,1.4,0,0,1419,0.42,0.06363636364,08/01/2024,Monday,1
RLMTPollrlQ,El miedo ante el equipo creado en la colonia independencia. #foryou #podcast #entrevista #futbol,Sports,Unique,0,long,1,3,0,0,0,47,6.38,0,09/01/2024,Tuesday,1
qCcmzAmHB3M,"""Nunca esperes nada de nadie"" -Elsy Viscarra #foryou #podcast #podcastemprendimiento #viral #shorts",Education,Unique,0,short,0,0,0,0,0,22,0,0,10/01/2024,Wednesday,1
H6FSPl0Ql_w,Un Show con Diego y Roberto / EP 6 Terror,Entertainment,Episodic,1,long,1,21833,6136.7,203,0,336092,4.45,0.2810745202,13/01/2024,Saturday,1
tqdN2J4goEQ,"""El dominio masculino en el mundo del mezcal"" #foryou #podcast #podcastemprendimiento #shorts #viral",Education,Unique,0,short,0,0,0,0,0,15,0,0,13/01/2024,Saturday,1
70NiTejESSQ,"""Me querían robar mi marca"" -Elsy Vizcarra #foryou #podcast #podcastemprendimiento #shorts #viral",Gossip,Unique,0,short,0,0,0,0,0,21,0,0,14/01/2024,Sunday,1
bIEFfNmt0-U,"""¿Segura de que te quieres casar?"" -Cecy García #foryou #podcast #bodas #shorts #viral",Culture,Unique,0,short,0,4,0,0,0,190,1.58,0,15/01/2024,Monday,1
rhCEh6yb1vw,"""Me corrieron y se copiaron mis paquetes"" -Cecy García #foryou #podcast #shorts #viral #bodas",Gossip,Unique,0,short,0,0,0,0,0,27,0,0,16/01/2024,Tuesday,1
6ARRBxt-Yh8,"""Odio todo lo que está al rededor del fútbol"" -César Tiberio #foryou #podcast #shorts #futbol",Sports,Unique,0,short,0,2,0,0,0,57,1.75,0,17/01/2024,Wednesday,1
HyXjdESnZaM,"""Del ruido a El Gran Silencio"" - Tony Hernández ¿Y TÚ QUIÉN ERES? EP10",Entertainment,Episodic,1,long,1,96,25.7,0,0,2359,2.8,0.2677083333,18/01/2024,Thursday,1
iN2roS8h6iQ,Teaser - Un Show - EP 7 - Inteligencia Artificial,Technology,Episodic,1,long,1,12,0.1,0,0,1494,0.54,0.008333333333,18/01/2024,Thursday,1
5xUakl2QNto,"""La fuerza de las palabras"" #foryou #podcast #shorts #viral #relaciones",Health/Well-being,Unique,0,short,0,0,0,0,0,31,0,0,18/01/2024,Thursday,1
5kWdv3k5Vo0,"""La importancia de la terapia"" #foryou #podcast #shorts #viral #terapia #pareja",Health/Well-being,Unique,0,short,0,2,0,0,0,64,0,0,19/01/2024,Friday,1
NyOW2zLErlw,Un Show con Diego y Roberto / EP7 Inteligencia Artificial,Technology,Episodic,1,long,1,18691,5688.4,112,0.001,208839,5.09,0.3043389867,20/01/2024,Saturday,1
mIQAPYLz6t4,"""Muchos creen que saben pelear""- Goyito Pérez #foryou #podcast #ufc #shorts #viral #entrevista",Sports,Unique,0,short,0,15,0.1,0,0,329,2.43,0.006666666667,20/01/2024,Saturday,1
TqOA1jLibao,"""La terapia de pareja es importante"" -Eva Nava #foryou #podcast #shorts #viral #terapia",Health/Well-being,Unique,0,short,0,1,0,0,0,53,0,0,21/01/2024,Sunday,1
OYyRMBwJh2Y,Así se vivió el Festival ‘Cielo Mágico’ NL Relajo #8T2 con Clauudea,Entertainment,Unique,0,long,1,4,0.096,0,0,1612,0.06,0.024,22/01/2024,Monday,1
uLbapJeCG5o,¿Qué estoy haciendo aquí? -Goyito Pérez #foryou #podcast #shorts #ufc #viral #entrevista,Sports,Unique,0,short,0,4,0.1,0,0,106,0,0.025,22/01/2024,Monday,1
vi8Rc6z-JTQ,"¡Se les cayó el anillo"" #foryou #entrevista #viral #shorts #festival #vlog",Entertainment,Unique,0,short,0,1,0,0,0,41,0,0,23/01/2024,Tuesday,1
MFLh-MrxZxU,Trabajar con Maria Julia -Fernando Lozano #foryou #podcast #viral #entrevista #short,Interviews,Unique,0,short,0,0,0,0,0,67,0,0,24/01/2024,Wednesday,1
eKxqlQZdLbQ,"""El Lado Obscuro de la Maternidad"" |EP16 Alejandra Zertuche |DE LO MÁS NORMAL",Interviews,Unique,0,long,1,3,0,0,0,1622,0,0,25/01/2024,Thursday,1
nM1X92bwJC4,"""La gente ataca lo que no conoce"" -Alex Sintek #foryou #shorts #viral #podcast #entrevista",Gossip,Unique,0,short,0,0,0,0,0,66,0,0,25/01/2024,Thursday,1
lFFNgDOcDVU,Teaser - Un Show - EP 8 - Juegos de Mesa,Entertainment,Episodic,1,long,1,330,3,0,0,6487,2,0.009090909091,26/01/2024,Friday,1
b5l3z7Yuduk,"""Llegaban fans a mi casa"" -Javier Blake #foryou #podcast #entrevista #shorts #viral #music",Entertainment,Unique,0,short,0,41,1.8,0,0,462,6.93,0.04390243902,26/01/2024,Friday,1
tBZbqpRXf94,Un Show con Diego y Roberto / EP8 Juegos de Mesa,Entertainment,Episodic,1,long,1,3660,1110.1,11,0,43840,4.37,0.3033060109,27/01/2024,Saturday,1
4bT9TAhIPTs,¿Por qué los espíritus se quieren comunicar? #foryou #podcast #shorts #miedo #entrevista,Culture,Unique,0,short,0,3,0,0,0,76,1.32,0,27/01/2024,Saturday,1
1yhonQJwkf8,"""Hay que ser honestos"" #foryou #podcast #entrevista #shorts #cirugíaestética #viral",Interviews,Unique,0,short,0,0,0,0,0,27,0,0,28/01/2024,Sunday,1
Fvep0FZTTdw,"""Del ruido a El Gran Silencio"" - Tony Hernández ¿Y TÚ QUIÉN ERES? EP10 PARTE 2",Entertainment,Episodic,1,long,1,24,3.6,1,0,1996,0.85,0.15,29/01/2024,Monday,1
1DDtGmsYdqk,"""Remodele el estudio del Babo"" #foryou #podcast #entrevista #ppcdsalvc #shorts #viral #babilonia",Entertainment,Unique,0,short,0,3,0,0,0,137,0,0,29/01/2024,Monday,1
mcebS7PMYfg,"""Viví abajo de un puente"" #foryou #podcast #entrevista #shorts #viral",Education,Unique,0,short,0,1,0.006,0,0,74,0,0.006,30/01/2024,Tuesday,1
txn93nVnUGw,"""Hay que aceptar los gustos de los demás"" #foryou #podcast #entrevista #shorts #viral #discapacidad",Education,Unique,0,short,0,0,0,0,0,21,0,0,31/01/2024,Wednesday,1
7EmhtisqFx0,"""De Sueño a Realidad, Trabajando en Nintendo"" - José Manuel Guerra ¿Y TÚ QUIÉN ERES? EP11",Technology,Episodic,1,long,1,8,1.7,0,0,1822,0.05,0.2125,01/02/2024,Thursday,2
LK0nmhxtUjA,"""La creación del Café Iguana"" #foryou #podcast #entrevista #shorts #viral #cafeiguana",Culture,Unique,0,short,0,1,0,0,0,34,2.94,0,01/02/2024,Thursday,2
ecU83CBlMzE,Teaser - Un Show - EP 9 - Esports,Entertainment,Episodic,1,long,1,164,1.4,0,0,5755,1.42,0.008536585366,02/02/2024,Friday,2
gxSPPdVwmDA,"""Arte en tiempos de delincuencia"" #foryou #podcast #entrevista #arte #shorts #viral",Culture,Unique,0,short,0,0,0,0,0,26,0,0,02/02/2024,Friday,2
doa7nyce-H0,Un Show con Diego y Roberto / EP9 Esports,Sports,Episodic,1,long,1,2170,713.151,3,0,29270,4.36,0.3286410138,03/02/2024,Saturday,2
yglE7mCIN_k,Grill Master HEB 2023 NL Relajo #9T2 con Clauudea,Entertainment,Unique,0,long,1,50,1.6,1,0,2404,1.58,0.032,05/02/2024,Monday,2
vzT1CWKOf14,"""Los dos fuimos tóxicos"" #foryou #podcast #relaciones #entrevista #shorts #viral #toxic",Health/well-being,Unique,0,short,0,0,0,0,0,27,0,0,07/02/2024,Wednesday,2
VNSVUMjKTwo,"""Es necesario poner límites"" #foryou #podcast #entrevista #relaciones #viral #shorts",Education,Unique,0,short,0,0,0,0,0,25,0,0,08/02/2024,Thursday,2
56kkm13i-ZA,Teaser - Un Show - EP 10 - Metaverso,Technology,Episodic,1,long,1,162,1.2,0,0,5627,1.23,0.007407407407,09/02/2024,Friday,2
TvuUebzMCz0,“El Covid-19 me Condenó a Vivir con Disautonomia” |EP17 Alondra Leal |DE LO MÁS NORMAL,Health/Well-being,Unique,0,long,1,28,5.3,0,0,2145,0.89,0.1892857143,09/02/2024,Friday,2
3-6F0V26a_Y,"""Las apps te ayudan a darte a conocer"" #foryou #podcast #relaciones #shorts #viral #tinder",Technology,Unique,0,short,0,0,0,0,0,59,0,0,09/02/2024,Friday,2
RTkw1AnVacM,Estreno Zona Flag: El primer programa de Flag Football en TV. Martes a las 8:00 PM #deportes #viral,Sports,Unique,0,long,1,0,0,0,0,39,0,0,09/02/2024,Friday,2
K14Bf1ARylg,Un Show con Diego y Roberto / EP10 Metaverso,Technology,Episodic,1,long,1,4277,1187.9,17,0.002,51878,4.87,0.2777414075,10/02/2024,Saturday,2
qyzrBLVWOxI,"""Los niños en redes sociales"" #foryou #podcast #shorts #viral #adolescentes #redessociales",Science,Unique,0,short,0,2,0,0,0,118,0.85,0,10/02/2024,Saturday,2
zXIUv_qVnOQ,"""El proceso después de operarte"" #foryou #podcast #shorts #viral #cirugiabariatrica #parati",Health/Well-being,Unique,0,short,0,1,0,0,0,36,2.78,0,12/02/2024,Monday,2
80XbAbnyuIA,"""El cambio de basquetbol"" #foryou #podcast #shorts #viral #basquetbol #deportes #parati",Sports,Unique,0,short,0,0,0,0,0,32,0,0,13/02/2024,Tuesday,2
4fxcpLKsTrY,"""No todas las canciones son éxitos"" #foryou #podcast #viral #shorts #canciones #exito",Entertainment,Unique,0,short,0,0,0,0,0,92,0,0,14/02/2024,Wednesday,2
7kvHUmDsl48,El Genio detrás de Televisa Mty - “El Compirri” ¿Y TÚ QUIÉN ERES? EP12,Entertainment,Episodic,1,long,1,53,4.8,0,0,2260,1.11,0.09056603774,15/02/2024,Thursday,2
5NfKkQ3Eb-4,"""Como sobrelleve mi condición"" #foryou #podcast #shorts #viral #discapacidad #parati",Health/Well-being,Unique,0,short,0,0,0,0,0,24,0,0,15/02/2024,Thursday,2
ATOKclsoWZU,Teaser - Un Show - EP 11 Gamificación,Technology,Episodic,1,long,1,169,1.5,0,0,5688,1.04,0.008875739645,16/02/2024,Friday,2
boEzMG_uajg,¡Sin censura! Edwin Luna cuenta sus secretos PALOMEANDO EP.9,Gossip,Episodic,1,long,1,11,0.1,0,0,2189,0.37,0.009090909091,16/02/2024,Friday,2
_VpQ3H6nMNs,"""Límites de un cirujano"" #foryou #podcast #viral #shorts #cirugiaplastica #parati",Health/Well-being,Unique,0,short,0,1,0,0,0,49,2.04,0,16/02/2024,Friday,2
QcAi1hDNZpo,Un Show con Diego y Roberto / EP11 Gamificación,Technology,Episodic,1,long,1,6705,1860.6,25,0,84703,4.62,0.2774944072,17/02/2024,Saturday,2
b125GN8JrMk,"""Nadie nace sabiendo"" #foryou #podcast #viral #shorts #negocios #parati",Education,Unique,0,short,0,0,0,0,0,31,0,0,17/02/2024,Saturday,2
8sjXr4CGMdg,"""La comunicación con nuestros hijos"" #foryou #podcast #hijos #viral #shorts #parati",Education,Unique,0,short,0,0,0,0,0,25,0,0,18/02/2024,Sunday,2
92BFA8P6LkM,"""No debí haberme casado con él"" #karlapanini #foryou #podcast #shorts #viral #parati #escandalo",Gossip,Unique,0,short,0,26,0.4,0,0,256,5.86,0.01538461538,19/02/2024,Monday,2
0Vx8_myJYYA,Final del Torneo “Central Gamer” con los Streamers más Grandes de México NL Relajo #10T2 con Claudea,Sports,Unique,0,long,1,12,0.5,0,0,2366,0.38,0.04166666667,19/02/2024,Monday,2
g9vj5VmqJaI,¿Qué hace en Televisa? #foryou #podcast #viral #entrevista #parati,Entertainment,Unique,0,long,1,1,0,0,0,73,1.37,0,20/02/2024,Tuesday,2
Gnn6AGhRoB4,Nuevo episodio Relajo: Central Gamer #foryou #viral #shorts #juanguarnizo #rivers #elmariana #gamer,Entertainment,Episodic,1,short,0,2,0,0,0,109,0.92,0,21/02/2024,Wednesday,2
YF_MC2U-ybU,¿Quieres ser periodista? #foryou #podcast #viral #shorts #television #periodismo #parati,Education,Unique,0,short,0,0,0,0,0,94,0,0,21/02/2024,Wednesday,2
9WM1_LO-F78,"""Yo soy mi propia competencia"" -Jesús Soltero #foryou #podcast #viral #parati #entrevista",Education,Unique,0,long,1,3,0,0,0,71,0,0,22/02/2024,Thursday,2
f5ipaiZSCeY,Teaser - Un Show - EP 12 Comedia,Entertainment,Episodic,1,long,1,145,1.1,0,0,5990,0.82,0.007586206897,23/02/2024,Friday,2
lc8R2tjZblk,“Comprende los Impuestos y Maximízalos” |EP18 DIEGO DÍAZ |DE LO MÁS NORMAL,Education,Unique,0,long,1,91,22.054,2,0,4158,1.3,0.2423516484,23/02/2024,Friday,2
kWQfrnh7LL0,"Nunca ocupé que me mantuviera él, ni nadie #karlapanini #chisme #viral #podcast #parati #escandalo",Gossip,Unique,0,long,1,3,0,0,0,42,2.38,0,23/02/2024,Friday,2
O4wHH4b9rwo,Un Show con Diego y Roberto / EP12 Comedia,Entertainment,Episodic,1,long,1,8049,2538.7,23,0,79592,5.26,0.3154056405,24/02/2024,Saturday,2
tT11GBttqLw,"""Cuando termina el amor ya no hay nada que hacer"" #foryou #podcast #viral #relaciones #chisme",Gossip,Unique,0,long,1,1,0,0,0,41,2.44,0,24/02/2024,Saturday,2
xkBrGcA3PCw,"""La dieta no es solo lechuga"" #viral #podcast #nutricion #shorts #parati #diet",Health/well-being,Unique,0,short,0,0,0,0,0,33,0,0,25/02/2024,Sunday,2
QreHL9hXHWw,"""sí yo puedo, tú puedes"" #foryou #podcast #television #viral #espectaculo #shorts",Education,Unique,0,short,0,0,0,0,0,35,0,0,26/02/2024,Monday,2
M0rBJH9RlIE,"""Era muy intensa"" -Marina #podcast #viral #entrevista #parati #chisme #marina #shorts",Gossip,Unique,0,short,0,1,0,0,0,87,0,0,27/02/2024,Tuesday,2
VlTry3IOfng,"""Le choqué la camioneta a mi mamá"" #podcast #viral #foryou #parati #entrevista #casting #choque",Gossip,Unique,0,long,1,0,0,0,0,34,0,0,28/02/2024,Wednesday,2
RfxuRSBdmhU,"""Me dejaron de hablar"" #podcast #viral#musica #latrakalosademonterrey #shorts #entrevista #parati",Gossip,Unique,0,short,0,8,0,0,0,56,0,0,29/02/2024,Thursday,2
RXKkWcCOmt0,"""En su momento le lloré"" -Karla Panini #podcast #karlapanini #viral #chisme #parati",Gossip,Unique,0,long,1,1347,22.6,2,0,13002,5.48,0.01677802524,01/03/2024,Friday,3
LppU0eachqk,"""El resto es historia"" #podcast #viral #nsqk #parati #entrevista #popular #pop #shorts",Entertainment,Unique,0,short,0,84,2.1,0,0,1315,5.4,0.025,02/03/2024,Saturday,3
Si2UleNoV_Y,"""¿Qué quiero lograr yo?"" #podcast #viral #viral #foryou #entrevista #parati #experiencias",Education,Unique,0,long,1,0,0,0,0,29,0,0,03/03/2024,Sunday,3
imYTc7Wc0H4,MTY BBQ Fest el Evento más Importante de BBQ en el Norte de México NL Relajo #11T2 con Clauudea,Entertainment,Unique,0,long,1,4,0,0,0,2497,0.04,0,04/03/2024,Monday,3
8X5-13-Lcng,"""El arte de transformar"" #viral #podcast #foryou #entrevista #parati #dragqueen #entretenimiento",Culture,Unique,0,long,1,0,0,0,0,70,0,0,04/03/2024,Monday,3
MIwgUgKvO2I,"""El fútbol femenil en México"" #viral #podcast #futbol #shorts #deportes #entrevista #futbolfemenino",Sports,Unique,0,short,0,1,0,0,0,61,1.64,0,05/03/2024,Tuesday,3
7AI-gEM5GVk,"""Me ofrecían mucha lana"" #viral #podcast #entrevista #foryou #parati #chisme #shortvideo",Gossip,Unique,0,short,0,0,0,0,0,32,0,0,06/03/2024,Wednesday,3
3Oh5IDryAiU,"""Un dolor de cabeza que no quiero"" #viral #podcast #foryou #parati #foryou #chisme #entrevista",Health/Well-being,Unique,0,long,1,0,0,0,0,35,0,0,07/03/2024,Thursday,3
LvwIaHrKFt4,"""Diligencia fiscal"" #viral #podcast #entrevista #foryou #parati #impuestos #finanzas",Education,Unique,0,long,1,0,0,0,0,81,0,0,08/03/2024,Friday,3
u7I_O-DaRkc,"""Mujeres emprendedoras"" #viral #podcast #entrevista #podcastemprendimiento #foryou #parati #foryou",Education,Unique,0,long,1,1,0,0,0,67,0,0,09/03/2024,Saturday,3
,"""Lidiando con el cáncer de manera psicológica"" |EP19 Dra. Leticia Jaime |DE LO MÁS NORMAL",Health/Well-being,Unique,0,long,1,4,0,0,0,2563,0.08,0,11/03/2024,Monday,3
zmBqDvpCsrU,"""Me sentía insuficiente"" #viral #podcast #entrevista #foryou #negocios #shortvideo #experiencias",Chisme,Unique,0,short,0,0,0,0,0,24,0,0,11/03/2024,Monday,3
sIR_6ylpNHI,"""Hate en los medios"" #viral #podcast #karlapanini #entrevista #foryou #parati #reels #reelsvideo",Health/Well-being,Unique,0,long,1,2,0,0,0,68,1.47,0,13/03/2024,Wednesday,3
66bXpKxv6E0,¿Cómo eran las tribus nómadas de N.L? | Cap. 1 Limando los Colmillos - El León del Norte.,Culture,Episodic,1,long,1,9,0.6,0,0,2730,0.22,0.06666666667,14/03/2024,Thursday,3
N7yTRh3JHw4,¿Cómo pensaban los nómadas en N.L.? #viral #podcast #shorts #monterrey #historia #foryou,Culture,Unique,0,short,0,2,0,0,0,132,0.76,0,14/03/2024,Thursday,3
2uIMLDULriQ,"""No sabía hacer un arroz"" #viral #podcast #entrevista #podcastemprendimiento #foryou #shortvideo",Education,Unique,0,short,0,0,0,0,0,42,0,0,14/03/2024,Thursday,3
Xd1ddHtewbI,"""Se metió una fan a mi camión"" #viral #podcast #entrevista #foryou #edwinluna #music #shorts",Entertainment,Unique,0,short,0,11,0.2,0,0,103,0.97,0.01818181818,15/03/2024,Friday,3
qUP-qv4sEbg,De niño actor de novelas a exitoso actor de teatro PALOMEANDO EP.10,Entertainment,Episodic,1,long,1,9,0.1,0,0,2695,0.15,0.01111111111,15/03/2024,Friday,3
p5mIxsZt9K0,"""Mundos cerrados"" -Cesar Ritual #viral #podcast #entrevista #foryou #tatuajes #tattoo #parati",Culture,Unique,0,long,1,4,0,0,0,193,1.55,0,16/03/2024,Saturday,3
M3R65VeL3js,"""Los niños son los maestros"" #viral #podcast #entrevista #foryou #montessori #maestro",Environment,Unique,0,long,1,2,0,0,0,131,1.53,0,17/03/2024,Sunday,3
26g8d8O1HYo,"""El origen de ""El gran Showman"" - Ernesto Chavana D'Influencers T2 EP1",Culture,Episodic,1,long,1,6,0,0,0,2863,0.17,0,18/03/2024,Monday,3
ht32K5RvDG4,"""son al menos 18 horas grabando"" #viral #podcast #entrevista #masterchef #foryou #chef",Entertainment,Unique,0,long,1,1,0,0,0,69,1.45,0,18/03/2024,Monday,3
mS4gnFCoP8Q,Dinosaurios reales ¿Se Mueven en la Noche? NL Relajo #12T2 con Clauudea,Science,Unique,0,long,1,0,0,0,0,2743,0,0,18/03/2024,Monday,3
u8n8F_e6jRI,"""El condicionamiento no es recomendable en niños"" #viral #podcast #niños #shorts #alimentos #foryou",Education,Unique,0,short,0,1,0,0,0,43,2.33,0,19/03/2024,Tuesday,3
b3aAqL_J-Lo,"""Siempre eh tenido conexión con el público"" #emily #cantante #viral #podcast #shorts #platica",Entertainment,Unique,0,short,0,1,0,0,0,117,0.85,0,20/03/2024,Wednesday,3
fZrA8SwowAw,¿Los esclavistas/conquistadores merecen monumentos?,Politics,Unique,0,long,1,7,0.812,0,0,2962,0.14,0.116,21/03/2024,Thursday,3
z3qpwBwtUGM,"""Las reglas Jordan"" #viral #podcast #podcastmexico #entrevista #foryou #pistons #baloncesto",Sports,Unique,0,long,1,0,0,0,0,54,0,0,21/03/2024,Thursday,3
ZpXuvztg37g,"""Discapacidad: retos y prejuicios sociales""",Education,Unique,0,long,1,6,0,0,0,3009,0.17,0,22/03/2024,Friday,3
wwfWSqdRGwU,"""Tuve que lidiar con muchas cosas en#bigbrother "" #podcast #entrevista #platica #reality #show",Entertainment,Unique,0,long,1,0,0,0,0,45,0,0,22/03/2024,Friday,3
KXvK3KD2XkY,"""Vendimos casi 2 millones"" #viral #podcast #entrevista #foryou #musica #ventas #international",Entertainment,Unique,0,long,1,0,0,0,0,43,0,0,23/03/2024,Saturday,3
JHTLUSR3uYY,"""La exigencia de mis padres"" #viral #podcast #entrevista #foryou #esshow #parati #entretenimiento",Education,Unique,0,long,1,1,0,0,0,43,0,0,24/03/2024,Sunday,3
EiI6ltkp5lY,"""Yo sí lo voy a hacer bien"" #viral #podcast #entrevista #foryou #maternidad #entretenimiento",Education,Unique,0,long,1,0,0,0,0,46,0,0,25/03/2024,Monday,3
OwQlljUcYBs,"""Soy autista"" #viral #podcast #entrevista #autismo #parati #tda #tdh",Interviews,Unique,0,long,1,0,0,0,0,70,0,0,26/03/2024,Tuesday,3
61NpBoHltiA,"""El proceso de los niños en el cáncer"" #podcast #short #psicologia #cancer #viral #platica #proceso",Health/Well-being,Unique,0,short,0,1,0,0,0,53,0,0,27/03/2024,Wednesday,3
4ZGNSPYBZIQ,"""Peleas en el aire"" #viral #podcast #globoaerostatico #peleasepicas #anillo #chisme",Entertainment,Unique,0,long,1,2,0,0,0,44,0,0,28/03/2024,Thursday,3
37GA1r82dZo,"""El éxito de Betty la fea"" #viral #podcast #bettylafea #novela #short #exito #entrevista #platica",Entertainment,Unique,0,short,0,32,0.2,0,0,501,3.59,0.00625,29/03/2024,Friday,3
5tdwnaY6TtY,"""Me enamoré del fútbol"" #viral #podcast #entrevista #shortvideo #futbolfemenino #futbol #monterrey",Sports,Unique,0,short,0,0,0,0,0,48,0,0,30/03/2024,Saturday,3
0j5mUyh9zCY,"""De grande buscamos lo que nos faltó de niños"" #viral #podcast #relaciones #relacaotoxica #shorts",Health/Well-being,Unique,0,short,0,0,0,0,0,49,0,0,31/03/2024,Sunday,3
1tsAc5wIVfg,“Verdades de la Televisión Regiomontana” - Juan Ramón Palacios D'Influencers T2 EP2,Culture,Episodic,1,long,1,11,1.4,0,0,3118,0.22,0.1272727273,01/04/2024,Monday,4
2eviM7RyJ9E,"""Hay mucha desconfianza en todo"" #viral #podcast #entrevista #foryou #jesussoltero #chisme",Gossip,Unique,0,long,1,0,0,0,0,59,0,0,01/04/2024,Monday,4
Vj-FUeAw_2w,"""El éxito del Café Iguana"" #viral #podcast #cafeiguana #exito #conciertos #negocios #feedshorts",Culture,Unique,0,long,1,1,0,0,0,63,1.59,0,02/04/2024,Tuesday,4
JOAX6IwObZM,Momentos Épicos de Pal Norte 2024 NL Relajo con Clauudea,Entertainment,Unique,0,long,1,11,0.7,0,0,3207,0.25,0.06363636364,03/04/2024,Wednesday,4
lF8e6iBtl7M,"""Ya no sentí buenas vibras"" #viral #podcast #entrevista #foryou #parati #chisme #shortvideo",Gossip,Unique,0,short,0,0,0,0,0,109,0,0,03/04/2024,Wednesday,4
6j2cMM3lH8M,"""Muñequita"" #viral #podcast #podcastmexico #parati #shortvideo #educación #educacionespecial",Education,Unique,0,short,0,0,0,0,0,39,0,0,04/04/2024,Thursday,4
LCZT3MbeSkk,"""Afrontando lo Inimaginable: Enfermedades Raras” |EP21 CAROLINA ROMO |DE LO MÁS NORMAL",Interviews,Unique,0,long,1,13,1.8,0,0,3388,0.32,0.1384615385,05/04/2024,Friday,4
Sr6DqdUsuio,"""Sí me eh sentido NO aceptada"" #viral #podcast #entrevista #discapacidad #discrimination #feedshorts",Health/Well-being,Unique,0,long,1,1,0,0,0,69,1.45,0,05/04/2024,Friday,4
eoQV_j136yY,"""Tu manera de escribir es especial"" #viral #podcast #marcha8m #8m #shortvideo #parati",Education,Unique,0,short,0,0,0,0,0,49,0,0,06/04/2024,Saturday,4
Vc7_3ZpxOJ8,"""Mirada adulta"" #viral #podcast #entrevista #foryou #parati #shortvideo #hipnosis",Interviews,Unique,0,short,0,0,0,0,0,63,0,0,07/04/2024,Sunday,4
kmtmzZy3vRQ,"""Cápsula del tiempo"" #viral #podcast #entrevista #foryou #masterchef #parati #entretenimiento",Entertainment,Unique,0,long,1,1,0.003,0,0,53,0,0.003,08/04/2024,Monday,4
Y1GtEM7lM4k,"""Diseñe la barbería del Babo"" #viral #podcast #barberia #babilonia #ppcdsalvc #feed #shorts",Entertainment,Unique,0,short,0,6,0,0,0,86,2.33,0,09/04/2024,Tuesday,4
lC2kQBFLayY,"""Me distancié"" #viral #podcast #entrevista #foryou #chisme #feedshorts",Culture,Unique,0,long,1,2,0,0,0,50,0,0,10/04/2024,Wednesday,4
kZhZ7ZqI8s8,"""No cualquiera"" #viral #podcast #lacasadelosfamosos #chisme #entretenimiento #parati #shortvideo",Gossip,Unique,0,short,0,1,0,0,0,64,0,0,11/04/2024,Thursday,4
cbbTOYQ_WCk,“No Creer en ti es lo Peor” - Ernesto D'Alessio - EP.11 Palomeando,Education,Episodic,1,long,1,16,0.1,0,0,3524,0.34,0.00625,12/04/2024,Friday,4
OAXbUErmFxA,"""Las disqueras no tenían presupuesto"" #podcast #viral #parati #entrevista #chisme #shortvideo",Entertainment,Unique,0,short,0,1,0,0,0,49,0,0,12/04/2024,Friday,4
HVX9DYCfO80,"""Fotógrafo profesional"" #podcast #viral #fotografia #foryou #parati #entretenimiento #platica",Culture,Unique,0,long,1,1,0,0,0,58,1.72,0,13/04/2024,Saturday,4
F_Tflwj3nnw,"""Sin querer"" #podcast #viral #entrevista #entretenimiento #parati #platica #shortvideo #foryou",Entertainment,Unique,0,short,0,1,0,0,0,67,1.49,0,14/04/2024,Sunday,4
AfdYdIgawT8,El Verdadero Poder de la Hipnosis - John Milton D'Influencers T2 EP3,Entertainment,Episodic,1,long,1,179,50.1,1,0,5827,1.96,0.2798882682,15/04/2024,Monday,4
W8pH96uVQUY,"""Barreras"" #podcast #viral #foryou #parati #covid19 #shortvideo #platica #tatuajes",Health/Well-being,Unique,0,short,0,0,0,0,0,64,0,0,15/04/2024,Monday,4
jOK_EdmsLm8,"""Ernesto Gabriel"" #podcast #viral #entrevista #foryou #parati #shortvideo #entretenimiento",Gossip,Unique,0,short,0,2,0,0,0,108,0.93,0,16/04/2024,Tuesday,4
pTVzPllkA5U,"""Lo hice sin pensar"" #viral #foryou #parati #juanguarnizo #gamer #tatuajes #entretenimiento",Entertainment,Unique,0,long,1,1,0,0,0,62,0,0,17/04/2024,Wednesday,4
t2AW40HWFHw,"""La importancia de los alimentos"" #podcast #viral #entrevista #autismo #foryou #parati #shortvideo",Culture,Unique,0,short,0,2,0,0,0,71,0,0,18/04/2024,Thursday,4
xvznMaP4J8c,"""No sirves para hacer televisión"" #viral #podcast #foryou #parati #chisme #shortvideo #espectaculo",Gossip,Unique,0,short,0,1,0,0,0,70,0,0,19/04/2024,Friday,4
BlWYzek7ZVs,Rosa Pastel #viral #palnorte #monterrey #espectaculo #conciertos #entretenimiento #parati #foryou,Entertainment,Unique,0,long,1,3,0,0,0,70,0,0,20/04/2024,Saturday,4
87rxgYoRkzQ,"""Mujer pecadora"" #artista #unam #cienciaspolíticas #actriz #viral #foryou #parati #entretenimiento",Entertainment,Unique,0,long,1,4,0,0,0,116,0,0,21/04/2024,Sunday,4
24bEqLcKfqk,"""Acechada por su Alumno: Años de Acoso” |EP22 VALERIA MACÍAS |DE LO MÁS NORMAL",Interviews,Unique,0,long,1,93,20.2,1,0,5746,1.13,0.2172043011,22/04/2024,Monday,4
o-WrGa1Y6HA,"""Otros temas"" #nsqk #punk #parati #foryou #entretenimiento #chisme #corridos #shortvideo",Culture,Unique,0,short,0,9,0.1,0,0,191,1.57,0.01111111111,22/04/2024,Monday,4
RsRPm86Hkmg,¿Quién fue el loco? #viral #podcast #foryou #parati #palnorte #festival #monterrey #lamole #short,Gossip,Unique,0,short,0,2,0,0,0,99,0,0,23/04/2024,Tuesday,4
dg1PjawVUjc,"""Año complicado"" #viral #viral #df #parati #foryou #chisme #shortvideo #monterrey #carneasada",Education,Unique,0,short,0,2,0.1,0,0,68,0,0.05,24/04/2024,Wednesday,4
bDMuhPVcDiY,"""Lo mío fue la pandemia"" #viral #podcast #pandemia #johnmilton #hipnosis #parati #foryou #shorts",Health/Well-being,Unique,0,short,0,73,0.8,1,0,190,0,0.01095890411,25/04/2024,Thursday,4
WF74DDfvc5g,7-Land el Mundo de los Videojuegos NL Relajo #14T2 con Clauudea,Entertainment,Unique,0,long,1,15,0.251,0,0,3855,0.34,0.01673333333,25/04/2024,Thursday,4
2CMmxlet2Yk,"""Corazón roto en el festival"" #viral #foryou #humor #parati #palnorte #monterrey #discapacidad",Entertainment,Unique,0,long,1,6,0,0,0,79,0,0,26/04/2024,Friday,4
-nlP78duJWg,"#Es difícil vivir de esto"" #parati #entretenimiento #ufc #foryou #shortvideo #chisme #podcast",Entertainment,Unique,0,short,0,2,0,0,0,71,1.41,0,27/04/2024,Saturday,4
ZFv38GgUGQo,"""Lugar seguro"" #parati #pride #shortvideo #foryou #parati #viral #entrevista #entretenimiento",Culture,Unique,0,short,0,4,0,0,0,76,0,0,28/04/2024,Sunday,4
Cqc4Z_jExoc,Amor no es Sinónimo de Felicidad - Nilda Chiaraviglio D'Influencers T2 EP4,Education,Episodic,1,long,1,427,107.6,3,0,8527,3.88,0.2519906323,29/04/2024,Monday,4
SVae_F8AZFg,"""Apoyo incondicional"" #apoyo #matrimonio #estabilidad #viral #parati #foryou #shortvideo #chisme",Culture,Unique,0,short,0,4,0,0,0,95,0,0,29/04/2024,Monday,4
beIJJtja8hM,"""¿De qué me estas hablando?"" #chisme #viral #parati #foryou #shortvideo #entretenimiento #famosos",Health/Well-being,Unique,0,short,0,2,0,0,0,97,0,0,30/04/2024,Tuesday,4
Mm_tDF7A4X0,¿Cómo le voy a hacer sola? #parati #foryou #viral #marina #entrevista #chisme #polemica #shortvideo,Culture,Unique,0,short,0,2,0,0,0,110,0,0,01/05/2024,Wednesday,5
bEXrqQG-0gs,"""Se me acabó el mundo"" #viral #podcast #foryou #parati #chisme #monterrey #depresion #papa #short",Health/Well-being,Unique,0,short,0,3,0.1,0,0,124,0.81,0.03333333333,02/05/2024,Thursday,5
YyvWzB6i1Ac,"""Vida paralela"" #viral #podcast #foryou #parati #entrevista #edwinluna #hijos #chisme #shortvideo",Gossip,Unique,0,short,0,8,0.1,0,0,113,1.77,0.0125,03/05/2024,Friday,5
NXj_jn9fEDk,EP1 - LA ONDA Y SU RUIDO - SOLETH,Entertainment,Episodic,1,long,1,47,1,3,0,4117,0.32,0.02127659574,04/05/2024,Saturday,5
DJr0ucrwuIQ,"""El tiempo le ha dado la razón a las personas"" #viral #podcast #parati #karlapanini #chisme",Gossip,Unique,0,long,1,6,0,0,0,96,1.04,0,04/05/2024,Saturday,5
bRyAlMHJzr4,"""Yo sabía que iba a llegar lejos"" #parati #viral #shortvideo #foryou #elmariana #rivers #gamer",Entertainment,Unique,0,short,0,7,0,0,0,131,0.76,0,05/05/2024,Sunday,5
aZ268g2OrfY,"""Mi Vida con Parálisis Cerebral” |EP23 ALDO PANCARDO |DE LO MÁS NORMAL",Interviews,Unique,0,long,1,7,0.1,0,0,4325,0.12,0.01428571429,06/05/2024,Monday,5
vocI2dl8lbs,"""Declaración anual"" #podcast #parati #foryou #declaracion #entrevista #shortvideo #conocimiento",Education,Unique,0,short,0,7,0.1,0,0,198,1.01,0.01428571429,06/05/2024,Monday,5
e_XbXnK8ugk,"""Las chicas se exhiben por su Only"" #viral #chisme #podcast #entretenimiento #monterrey #exhibición",Gossip,Unique,0,long,1,3,0,0,0,127,1.57,0,07/05/2024,Tuesday,5
1baGf2ZF4uk,"""Cobra comisiones# #finanzas #dinero #foryou #viral #parati #comisiones #shortvideo #conocimiento",Education,Unique,0,short,0,7,0,0,0,99,1.01,0,08/05/2024,Wednesday,5
0mewKsb5ij0,"""No es vanidad"" #parati #shortvideo #jesussoltero #chisme #entretenimiento #foryou #entrevista",Gossip,Unique,0,short,0,7,0,0,0,111,0.9,0,14/05/2024,Tuesday,5
4q28wDAcW6g,"""¿Cómo se gana una exclusiva?"" #podcast #parati #foryou #tigres #deportes #entrevista #chisme",Education,Unique,0,long,1,4,0,0,0,116,0,0,15/05/2024,Wednesday,5
cRLCrhGWhks,"""Problema de dos"" #parati #foryou #chisme #entrevista #divorcio #podcast #viral #shortvideo",Gossip,Unique,0,short,0,5,0,0,0,112,0,0,16/05/2024,Thursday,5
OSIZKreQ6qY,"""Las redes sociales"" #parati #foryou #viral #redessociales #lacasadelosfamosos #chisme",Gossip,Unique,0,long,1,7,0,0,0,111,1.8,0,17/05/2024,Friday,5
fmyvhNojg6I,"""Los jefes tiemblan"" #parati #viral #foryou #shortvideo #tv #chisme #entrevista #entretenimiento",Gossip,Unique,0,short,0,7,0,0,0,169,0.59,0,18/05/2024,Saturday,5
y_R-NEqKTZU,"""Cinemas Raly"" #viral #foryou #parati #cinema #vintage #entretenimiento #shortvideo",Entertainment,Unique,0,short,0,5,0,0,0,178,0.56,0,19/05/2024,Sunday,5
KBKmSAJSg1Y,"""Me robaron mi camioneta"" #viral #podcast #foryou #entrevista #chisme #shortvideo",Gossip,Unique,0,short,0,9,0.095,0,0,186,0.54,0.01055555556,20/05/2024,Monday,5
nHH954f2rrE,"""Detectando la Parálisis Cerebral Infantil” |EP24 SELENE LEAL |DE LO MÁS NORMAL",Interviews,Unique,0,long,1,8,1.1,0,0,4493,0.13,0.1375,20/05/2024,Monday,5
3NrSx1Z3Pkg,Teaser - Un Show - Ciclo de la nostalgia,Culture,Unique,0,long,1,180,1.5,0,0,8371,0.93,0.008333333333,22/05/2024,Wednesday,5
tBRph-L_Z70,Un Show con Diego y Roberto / EP13 Nostalgia,Culture,Episodic,1,long,1,7904,2341,32,0,106664,5.08,0.2961791498,25/05/2024,Saturday,5
nYDECqOzuos,"""La Dama de la Noticia"": La vida periodística de Susana Valdés D'Influencers T2 EP5",News,Episodic,1,long,1,11,1.2,0,0,5200,0.12,0.1090909091,27/05/2024,Monday,5
lCceDkStYT4,Central Gamer #elmariana #gamer #foryou #viral #parati #central #videojuegos #entretenimiento,Entertainment,Unique,0,long,1,10,0.1,0,0,357,1.68,0.01,28/05/2024,Tuesday,5
27HqFsLuvMk,Cinemas Raly #viral #parati #rally #cinema #foryou #entretenimiento #entrevista #peliculas,Entertainment,Unique,0,long,1,21,0.1,0,0,518,0.58,0.004761904762,29/05/2024,Wednesday,5
4fUc4-QVraM,"""Hechos con cariño"" #viral #parati #foryou #pandeelote #tradición #entretenimiento #comida",Culture,Unique,0,long,1,5,0,0,0,237,0.42,0,30/05/2024,Thursday,5
tXUh_CFzJxE,"""Claves para Dominar tus Finanzas y Vivir sin Preocupaciones"" |EP25 Cynthia Rdz. |DE LO MÁS NORMAL",Education,Unique,0,long,1,76,9.3,0,0,12651,0.35,0.1223684211,31/05/2024,Friday,5
kRv8vv2mOqE,"""Desde los 3 años actúo""- Armando Araiza #viral #podcast #parati #entrevista #actuacion #actor",Interviews,Unique,0,long,1,18,0.1,0,0,364,1.1,0.005555555556,31/05/2024,Friday,5
M13XnVLGIBc,Un Show con Diego y Roberto / EP14 Futbol,Sports,Episodic,1,long,1,5357,1588.6,17,0,57542,5.56,0.2965465746,01/06/2024,Saturday,6
ckcVEVKwuug,"""Cocinando Nuevo León"" #parati #viral #foryou #comida #cordero #comidamexicana #nuevoleon",Culture,Unique,0,long,1,10,0.2,0,0,285,0.7,0.02,04/06/2024,Tuesday,6
xe795QWU3ZA,"""Yo pensé que me iban a juzgar"" #parati #podcast #viral #dragqueen #shortvideo #entretenimiento",Culture,Unique,0,short,0,9,0.1,0,0,312,0.96,0.01111111111,05/06/2024,Wednesday,6
gJ4MEHHWyHg,Teaser - Un Show - Amor y Desamor,Culture,Unique,0,long,1,40,0.4,0,0,5937,0.34,0.01,07/06/2024,Friday,6
DCQrTMD6q4o,Un Show con Diego y Roberto / EP15 Amor y Desamor,Culture,Episodic,1,long,1,18509,5077.5,153,0,321561,4.04,0.2743260036,08/06/2024,Saturday,6
THgfX-TgW4Q,"""Conquiste la Radio, la Televisión y la Actuación"" - Claudia Ábrego D'Influencers T2 EP6",Culture,Episodic,1,long,1,29,2,0,0,6805,0.15,0.06896551724,10/06/2024,Monday,6
f7HrC_2OZP4,"""El empoderamiento"" #viral #parati #foryou #shortvideo #mujeres #empoderamiento #entretenimiento",Culture,Unique,0,short,0,8,0.1,0,0,351,0.28,0.0125,11/06/2024,Tuesday,6
vrnZNPkcwP0,"""Terminé la prepa y me fui a Ciudad de México"" #parati #foryou #viral #estudio #podcast",Culture,Unique,0,long,1,6,0.1,0,0,436,0,0.01666666667,12/06/2024,Wednesday,6
xaUEZc90z_8,"""Gordofobia"" #parati #podcast #viral #foryou #gordofobia #shortvideo #entrevista #information",Health/Well-being,Unique,0,short,0,12,0.1,0,0,691,0,0.008333333333,13/06/2024,Thursday,6
Dp218bMJVr8,"""Decido ser buena persona"" #parati #foryou #viral #johnmilton #hipnosis #persona #entretenimiento",Education,Unique,0,long,1,94,0.7,0,0,873,0.8,0.007446808511,14/06/2024,Friday,6
1RPaFaCWPP0,"""La Ciencia Curativa de la Risa: Risoterapia"" |EP26 DRA. MUÑE Y DRA. BABI DI BÜ |DE LO MÁS NORMAL",Health/Well-being,Unique,0,long,1,35,5.4,0,0,7515,0.23,0.1542857143,14/06/2024,Friday,6
n0HfjXwEj9I,Un Show con Diego y Roberto / EP16 Artes Marciales Mixtas,Sports,Episodic,1,long,1,4452,1270,16,0,54594,4.89,0.2852650494,15/06/2024,Saturday,6
FtBVjvEdnXg,Un Show con Diego y Roberto / EP17 Filosofía,Education,Episodic,1,long,1,10419,2972.7,73,0,160704,4.08,0.2853152894,22/06/2024,Saturday,6
IZquMem15DE,Un Show con Diego y Roberto / EP18 El Arte de Negociar,Education,Episodic,1,long,1,25050,6602.1,273,0,433090,3.83,0.2635568862,29/06/2024,Saturday,6
s6vtmJgrokA,"""Me hizo ruido"" #parati #podcast #viral #enfermedades #information #foryou",Health/Well-being,Unique,0,long,1,11,0.1,0,0,851,0.35,0.009090909091,02/07/2024,Tuesday,7
zuG5w-nRw0w,"""¿En donde me asesoro?"" #parati #podcast #viral #mujerespoderosas #duda #enfermedades #autismo",Health/Well-being,Unique,0,long,1,19,0.1,0,0,4333,0.14,0.005263157895,03/07/2024,Wednesday,7
3aXbUr9nNO4,"""Hoyo negro"" #parati #viral #foryou #podcast #risoterapia #terapia #risa",Health/Well-being,Unique,0,long,1,16,0.107,0,0,11432,0.11,0.0066875,04/07/2024,Thursday,7
Cagfmli3Se4,"""Dar nuestra mejor versión"" #parati #podcast #foryou #viral #psicologia #risas #shortvideo",Health/Well-being,Unique,0,short,0,27,0.1,0,0,12188,0.07,0.003703703704,05/07/2024,Friday,7
FZ5iXkk4ljE,Un Show con Diego y Roberto / EP19 Viajes por el Mundo,Entertainment,Episodic,1,long,1,11347,3470.8,34,0,157782,3.98,0.3058782057,06/07/2024,Saturday,7
BkLuIoV9y7s,"""¿Pues qué pasó? #risas #entretenimiento #viral #parati #foryou #chisme #contenido #podcast",Entertainment,Unique,0,long,1,31,0.2,0,0,12544,0.09,0.006451612903,06/07/2024,Saturday,7
tWocVIuhfCI,"""Vas a pisar callos"" #foryou #parati #viral #entretenimiento #shortvideo #noticias #comediante",Entertainment,Unique,0,short,0,35,0.3,0,0,16340,0.12,0.008571428571,07/07/2024,Sunday,7
4SyaWcgvSwc,Cola de caballo #parati #foryou #viral #coladecaballo #nuevoleon #conocimiento #cascadas,Culture,Unique,0,long,1,0,0,0,0,2,0,0,08/07/2024,Monday,7
lzx5kVyuNpg,¨El Actor que Conquistó Monterrey y Enfrenta la Homofobia¨ - Jerry Garza┃D'influencers - T2 EP7,Culture,Episodic,1,long,1,80,11.4,0,0,11765,0.36,0.1425,09/07/2024,Tuesday,7
kV9utEow7hI,"""María Julia y su trayectoria"" #parati #viral #foryou #noticias #shortvideo #entretenimiento",Entertainment,Unique,0,short,0,52,0.4,0,0,17421,0.21,0.007692307692,09/07/2024,Tuesday,7
GMW-IfLzRWA,Así se vivió 7-Eleven Fest 2024 NL Relajo #14T2 con Clauudea,Entertainment,Unique,0,long,1,71,4.6,0,0,13157,0.25,0.06478873239,11/07/2024,Thursday,7
nm5ptE_pTYs,Un Show con Diego y Roberto / EP20 Literatura,Culture,Episodic,1,long,1,11361,3350.2,60,0,175024,4.06,0.2948860136,13/07/2024,Saturday,7
Gq0gGh4Uuww,Un Show con Diego y Roberto / EP21 Teorías Conspirativas,Entertainment,Episodic,1,long,1,133334,37225.7,1474,0,2419551,4.06,0.279191354,20/07/2024,Saturday,7
eAw4X3RfxlE,Un Show con Diego y Roberto / EP22 Juegos Olímpicos,Sports,Episodic,1,long,1,117547,34298.8,632,0,1400007,6.13,0.2917879657,27/07/2024,Saturday,7
Rulme66dVRM,DAME 5 - Odin Ciani Periodista deportivo desde los Juegos Olímpicos (París 2024),Sports,Unique,0,long,1,243,8.8,2,0,27025,0.67,0.03621399177,29/07/2024,Monday,7
TWmjNLR_ql0,"""El monumento más visitado del mundo""",Culture,Unique,0,long,1,145,1.5,0,0,17451,0.61,0.01034482759,31/07/2024,Wednesday,7
4u6wBxIMEdg,Exclusiva: Campeones de Clavado Sincronizado de México.,Sports,Unique,0,long,1,291,6.4,1,0,19230,1.22,0.02199312715,02/08/2024,Friday,8
xQA-o4FQVyo,Un Show con Diego y Roberto / EP23 Marketing es Arte,Culture,Episodic,1,long,1,53777,17371.4,232,0,578500,6.35,0.3230265727,03/08/2024,Saturday,8
sdQa7ak_fAM,Bella tradición Suiza en los JJ.OO. #paris2024,Culture,Unique,0,long,1,152,1,-1,0,14661,0.76,0.006578947368,06/08/2024,Tuesday,8
xopOUGEnE_g,Sabor mexa en París,Culture,Unique,0,long,1,121,1.2,0,0,12391,0.65,0.009917355372,06/08/2024,Tuesday,8
F6mnUKIhBtI,"""Comprar facturas es un delito"" #shortvideo #impuestos #facturas #delito #foryou",Politics,Unique,0,short,0,3018,18.6,5,0,6322,0.43,0.006163021869,07/08/2024,Wednesday,8
to7FG0xEScs,La Avenida más Importante de París.,Culture,Unique,0,long,1,129,1.4,0,0,12099,0.72,0.01085271318,08/08/2024,Thursday,8
IM0Lv6IyQ5Y,"""Me comí el monito"" #foryou #entrevista #risas #parati #podcast #entretenimiento",Entertainment,Unique,0,long,1,91,0.7,0,0,6762,0.58,0.007692307692,08/08/2024,Thursday,8
ejF32Ur18Ag,"""Vivíamos al lado de un río"" #shortvideo #podcast #parati #rio #entretenimiento #foryou",Environment,Unique,0,short,0,524,3.1,0,0,8682,0.06,0.005916030534,09/08/2024,Friday,8
Vk-nfiyqcB0,Un Show con Diego y Roberto / EP24 Educación,Education,Episodic,1,long,1,79601,25304.9,405,0,938063,6.05,0.3178967601,10/08/2024,Saturday,8
vzWXg94OjqE,"""Es parte de la enfermedad"" #cancer #informacion #parati #foryou #podcast #shortvideo",Health/Well-being,Unique,0,short,0,533,3.4,0,0,9550,0.27,0.006378986867,10/08/2024,Saturday,8
ySUb1DzewyY,"""Lo resolví"" #podcast #foryou #parati #mujerespoderosas #maternidad",Health/Well-being,Unique,0,long,1,1006,6.8,1,0,8695,0.23,0.00675944334,11/08/2024,Sunday,8
gxGZPC0J880,"""Esta cañón"" #podcast #parati #foryou #entrevista #entretenimiento #juegos #fifa",Entertainment,Unique,0,long,1,472,2.7,1,0,8498,0.15,0.005720338983,12/08/2024,Monday,8
X84-0tws6z0,Despedida: Juegos Olímpicos de París 2024,Sports,Unique,0,long,1,200,2.3,-1,0,13808,1.11,0.0115,12/08/2024,Monday,8
jWS_4-RcCtU,La Catedral más Famosa del Mundo: Notre-Dame,Culture,Unique,0,long,1,107,1.1,-1,0,10229,0.77,0.01028037383,12/08/2024,Monday,8
ek8u0MD26EM,"""Ya no sentí las mejores vibras"" #parati #foryou #entrevista #farandula #chisme #shortvideo",Gossip,Unique,0,short,0,1676,10,2,0,7673,0.23,0.005966587112,13/08/2024,Tuesday,8
mmuOX5kbIn8,Un Show con Diego y Roberto / EP25 Música,Entertainment,Episodic,1,long,1,25847,7948,68,0,253358,7.56,0.3075018377,17/08/2024,Saturday,8
W0wSZGUjrSU,"""Super mamá"" #foryou #podcast #entrenimiento #parati #hijos",Health/Well-being,Unique,0,long,1,1079,5.3,0,0,2723,0.4,0.004911955514,19/08/2024,Monday,8
UehjsAQDivU,"""Me la pasaba divertidísimo"" #foryou #entrenimiento #podcast #parati #shortvideo",Entertainment,Unique,0,short,0,456,2.9,0,0,1611,1.06,0.006359649123,20/08/2024,Tuesday,8